surname,given_name,gender,height,weight,born_on
Rivers,Jonah,m,69,167,2000-11-21
Sloan,Randal,m,62,123,1961-12-11
Rodriguez,Palmer,m,61,112,2012-04-09
Akers,Helga,f,61,135,1992-11-21
Palmer,Olin,m,68,150,1986-02-15
Wilder,Soledad,f,64,138,1964-01-07
Coffey,Joni,f,62,111,2014-09-22
Bowling,Jarod,m,63,121,1987-01-10
Turner,Angel,f,62,119,2002-04-07
Johnston,Shon,m,69,142,1953-11-28
Cannon,Rhea,f,68,161,1940-05-23
Mcmillan,Gaylord,m,58,116,1976-03-16
Pearce,Josie,f,65,127,1961-11-10
Whitfield,Alba,f,58,124,1969-03-06
Knowles,Rolland,m,67,163,1993-05-08
Sinclair,Caitlin,f,61,109,1961-08-03
Law,Eddie,m,59,119,1989-01-15
Malone,Scottie,m,62,119,2006-10-09
Mayfield,Margot,f,59,112,1960-11-22
Rasmussen,Meagan,f,70,155,1989-10-26
Wilder,Robert,f,64,140,2011-06-19
Newsome,Clay,m,69,133,1984-10-10
Kendrick,Yvette,f,63,114,1987-06-19
Livingston,Gonzalo,m,68,130,1971-07-23
Prince,Lilian,f,68,147,1948-10-06
Norman,Fanny,f,72,157,2006-06-18
Riddle,Brittany,f,62,127,1978-10-25
Cleveland,Kristi,f,58,111,1976-03-13
Price,Edwardo,m,68,128,1975-09-03
Garrett,Fredric,m,58,129,1943-11-23
Spears,Lowell,m,67,138,2014-08-30
Rutledge,Staci,f,58,116,1961-07-09
Reese,Kisha,f,66,120,1947-04-12
Wells,Shawn,m,72,153,1965-08-13
Bowers,Nicky,m,72,151,1981-04-08
Douglas,Thelma,f,60,121,1988-11-09
Donahue,Maricela,f,59,126,1953-12-06
Mcginnis,Marcus,m,71,138,1994-05-08
Slater,Kenneth,m,72,172,1969-12-03
Mcgee,Jae,m,62,125,1979-07-21
Martinez,Terra,f,69,148,1960-01-12
Burt,Elden,m,58,112,1992-11-13
Wilkins,Glenna,f,65,140,1940-06-10
Mendoza,Emil,m,68,151,1957-04-12
Mayer,Rene,m,70,156,1994-08-11
Whitley,Dion,m,59,118,1980-11-01
Shields,Ola,f,59,119,1943-06-14
Holland,Melanie,f,58,106,2011-12-07
Bernard,Sybil,f,59,103,2009-10-10
Barber,Jesse,f,69,168,1958-02-05
Flynn,Wes,m,68,156,2014-03-12
May,Kelvin,m,71,165,1956-01-18
Burke,Xavier,m,72,179,1941-01-28
Fletcher,Cecile,f,58,129,1953-05-03
Hubbard,Tracey,f,60,105,1950-06-19
Middleton,Hayden,m,58,106,1967-02-23
Whitehead,Chadwick,m,72,167,2006-02-11
Shelton,Mayme,f,69,154,1954-07-10
Higgins,Neil,m,63,144,1948-01-31
Rosario,Noel,m,58,115,2008-11-18
Puckett,Hank,m,62,131,1941-10-08
Scott,Rosie,f,64,137,1945-08-02
Wright,Modesto,m,70,134,1952-10-11
Sosa,Eva,f,63,134,1949-08-25
Petty,Dario,m,62,134,1996-02-25
Ryan,Adela,f,64,142,1957-02-19
Lewis,Jarvis,m,67,155,1953-11-14
Stewart,Alba,f,58,124,1971-06-08
Yang,Pattie,f,66,152,2007-04-23
Ball,Kirby,m,70,161,1977-08-18
Neal,Zoe,f,67,124,1975-08-19
Rucker,Harley,m,69,130,1992-10-29
Morin,Jeffery,m,61,106,2004-07-10
Workman,Kasey,m,62,142,1948-07-15
Walters,Tana,f,69,167,1959-12-20
Tanner,Lucia,f,65,139,1966-02-14
Bowling,Angelia,f,63,129,1949-07-02
Trevino,Trudy,f,61,129,1976-11-15
Abbott,Janine,f,72,145,1968-10-13
Day,Ladonna,f,67,136,2003-04-09
Cox,Vaughn,m,67,123,1978-05-06
Everett,Corinne,f,61,137,1950-08-31
Barrera,Claudine,f,62,143,1996-10-23
Brooks,Loraine,f,60,125,1989-04-25
Ford,Bill,m,63,134,1993-04-15
May,Fernando,m,67,128,1948-05-08
Flowers,Deon,m,67,137,2003-11-28
Knight,Cynthia,f,72,153,2012-03-07
Goodman,Kimberly,f,66,125,1979-02-28
Vincent,Victoria,f,62,125,1941-11-19
Blackwell,Tommy,m,58,102,1960-12-19
Leblanc,Susie,f,70,144,1983-02-14
Valenzuela,Chrystal,f,63,139,1972-11-25
Hahn,Marietta,f,59,106,1942-08-18
Newton,Rocio,f,62,126,2004-04-30
Kent,Tara,f,63,135,1976-10-20
Reese,Sang,m,70,144,1958-02-12
Long,Dee,m,68,166,1991-04-09
Spears,Sidney,m,62,110,1973-02-11
Rose,Lily,f,64,120,1967-01-29
Mack,Giuseppe,m,62,110,1975-08-12
Johns,Myron,m,59,106,2009-02-16
Zamora,Norma,f,62,120,1964-07-14
Brady,Shelby,m,60,105,1959-01-17
Barr,Eloise,f,58,119,1985-07-30
Ramirez,Ed,m,70,139,1945-12-02
Mcclain,Ofelia,f,68,156,1991-11-12
Smith,Noemi,f,61,122,1972-11-18
Koch,Bryce,m,63,140,1941-06-18
Kelley,Gina,f,70,142,1975-04-17
Morton,Norman,m,69,137,1967-12-31
Lyon,Adela,f,64,142,1993-06-07
Lucas,Ronnie,m,61,130,1967-04-17
Stevenson,Kenny,m,59,104,1986-11-07
Baird,Staci,f,58,116,1956-06-16
Shoemaker,Whitney,m,71,155,1978-02-27
Grady,Norman,m,69,137,2014-09-18
Calderon,Jae,m,62,125,1998-03-24
Frost,Delbert,m,65,141,1949-11-05
Dye,Marianne,f,71,164,1985-05-31
Barry,Gaylord,m,58,116,1987-11-25
Barrera,Kristi,f,58,111,1954-11-21
Grace,Duane,m,66,159,1959-04-27
Doyle,Beatrice,f,69,162,2007-02-16
Clayton,Aldo,m,61,127,2007-11-14
Hickey,Felicia,f,59,109,1975-01-24
Rangel,Stefanie,f,67,137,1951-07-04
Polk,Debbie,f,60,126,1956-12-15
Wolf,Dwayne,m,62,118,2004-04-24
Gregory,Josefa,f,67,129,1983-07-16
Whitaker,Delilah,f,58,118,2013-06-27
Carr,Jennie,f,63,147,2002-04-07
Cherry,Luigi,m,63,136,1998-11-25
Grant,Sabrina,f,60,133,1940-08-24
Roth,Stacie,f,63,142,1980-04-06
Harrington,Kristine,f,58,121,1968-03-12
Sharpe,Lowell,m,67,138,2006-07-08
Huber,Aline,f,70,171,2000-02-02
Chapman,Noah,m,63,127,1967-07-06
Fulton,Rosanna,f,65,144,1981-09-10
Houston,Coleen,f,60,106,1953-09-01
Mcdaniel,Fermin,m,70,156,2002-10-20
Hill,Angelita,f,69,167,1962-03-09
Shepherd,Amanda,f,62,110,1971-06-23
Barnes,Denice,f,63,125,2014-12-09
Velez,Matthew,m,72,174,1975-05-14
Goff,Winnie,f,62,138,2009-04-11
Reeves,Thelma,f,60,121,2005-11-09
Doyle,Aurelio,m,71,162,1947-04-30
Vazquez,Effie,f,59,133,1968-11-04
Bailey,Jeannette,f,65,148,1948-11-22
Ewing,Lenny,m,62,115,2003-06-23
Montgomery,Nona,f,71,138,1994-11-08
Solis,Erica,f,60,136,1952-04-29
Braun,Karen,f,62,132,1955-10-24
Powell,Carrie,f,67,152,1982-03-29
Oneil,Art,m,72,176,1954-01-14
Murray,Julie,f,60,117,1960-04-21
Carroll,Rusty,m,71,154,1965-06-28
Padilla,Margarita,f,65,122,1995-09-08
Franklin,Jody,m,69,134,1996-05-24
Ibarra,Lonny,m,58,125,2011-01-14
Nielsen,Ivory,m,61,125,1967-12-25
Medina,Michel,m,66,159,1965-01-07
Battle,Avis,f,70,139,1975-11-27
Hamilton,Stacy,f,72,166,1996-10-31
Macdonald,Tina,f,71,141,1998-11-04
Duncan,Cathy,f,60,118,1947-04-29
Moses,Celina,f,67,140,2000-04-15
Lindsay,John,f,61,117,1960-09-24
Dale,Imogene,f,64,149,1953-10-21
Perry,Roxanne,f,68,148,1988-12-12
England,Shelly,f,65,143,2005-11-25
Gallagher,Vicente,m,67,132,2006-05-19
Riley,Harris,m,70,154,1997-08-15
Hughes,Dominick,m,59,117,2013-04-04
Moran,Johnnie,m,66,128,1951-08-21
Lyon,Williams,m,66,155,2014-04-12
Hamilton,Cleo,f,72,140,1947-12-29
Calhoun,Bernardo,m,61,137,1964-12-03
Wolfe,Omar,m,65,134,1980-12-27
Gibbs,Deon,m,67,137,1973-09-18
Andrews,Kara,f,64,134,1953-03-04
Chan,Titus,m,72,166,2013-07-04
Richard,Tamara,f,71,170,1984-05-07
Atkinson,Larry,m,68,132,1986-07-10
Oconnor,Georgette,f,59,114,1953-05-20
Mcfadden,Edmund,m,64,145,1976-01-04
Bolton,Juana,f,58,105,1953-09-28
Avila,Edison,m,64,129,1972-03-02
Delgado,Billie,m,68,154,1978-07-11
Watts,Mary,m,61,116,2003-08-24
Patterson,Isiah,m,58,110,1993-06-01
Cash,Roxanna,f,72,175,1985-06-19
Stone,Sterling,m,60,126,1960-07-08
Lucero,Octavio,m,72,153,1949-09-24
Lake,Conrad,m,62,140,1992-07-16
Blanton,Pearlie,f,62,132,2005-03-26
Cross,Eileen,f,60,108,1952-11-06
Arroyo,Lucile,f,63,132,2005-06-03
Reeves,Chi,m,71,143,1945-09-21
Mcfarland,Lily,f,64,120,1999-11-13
Callahan,Ophelia,f,65,128,2006-07-26
Hahn,Kerry,m,72,139,1959-07-16
Cote,Danial,m,65,137,1983-04-24
Flores,Toney,m,68,157,1942-11-24
Holmes,Phillip,m,66,130,1943-11-03
Sosa,Becky,f,69,144,1960-12-24
Robinson,Quinn,m,60,134,1952-01-10
Nelson,Belinda,f,59,133,1966-02-09
Lara,Darrel,m,64,131,2011-12-22
Rubio,Zelma,f,67,156,1987-10-18
Holley,Jacqueline,f,65,132,1973-08-28
Hardin,Winona,f,66,149,1962-03-30
Irwin,Octavia,f,58,118,1967-10-13
Martinez,Noble,m,70,161,2001-12-03
Lang,Imogene,f,64,149,1978-08-22
Mccall,Janell,f,71,137,1952-05-17
Clay,Lorri,f,58,111,1968-10-07
Hutchins,Renato,m,60,131,1977-08-05
Pacheco,Antonia,f,64,136,1988-09-05
Goss,Ezra,m,64,144,1972-07-22
Crow,Nicky,m,72,151,2008-03-06
Moran,Emma,f,61,115,1996-10-07
Huber,Lyman,m,65,122,2007-05-29
Harden,Delilah,f,58,118,1949-12-16
Sparks,Jeremy,m,60,133,1977-07-20
Harrington,Christian,m,61,116,1950-02-26
Mcmahon,Megan,f,61,108,1979-12-05
Shepherd,Andre,m,69,152,1975-05-30
Copeland,Belle,f,66,143,2001-03-14
Nelson,Nell,f,72,169,1986-08-15
Gill,Danna,f,63,140,1971-11-27
Mckay,Broderick,m,59,126,1992-06-15
Huffman,Antonio,m,62,139,1995-04-28
Melton,Ervin,m,59,106,1971-09-14
Strickland,Tamera,f,62,137,1951-02-08
Trevino,Daryl,m,64,145,1985-02-02
Mason,Chong,f,65,128,2006-10-09
Gibson,Jackie,f,60,120,1954-02-24
Peck,Adolph,m,58,117,1999-07-26
Samuels,Nick,m,66,148,1949-02-26
Sherman,Kathryn,f,69,144,2000-11-10
Dickinson,Florine,f,69,170,1961-11-22
Hardy,Bruno,m,65,140,2003-02-08
Holder,Roland,m,58,113,1980-01-18
Rhodes,Tim,m,67,146,1941-11-21
Wright,Alana,f,69,133,1973-04-29
Gonzalez,King,m,64,126,1956-01-07
Wise,Horace,m,60,134,1999-01-15
Mercer,Basil,m,67,124,1953-03-20
Mendez,Brice,m,65,140,2013-09-10
Frederick,Winifred,f,71,172,1986-01-15
Ramirez,Iva,f,68,140,2009-08-07
Ellis,Kieth,m,62,131,1977-05-22
Ramsey,Winnie,f,62,138,1974-12-31
Brandon,Jarrett,m,70,169,1976-04-16
Sloan,Linda,f,69,139,1952-06-23
Lawrence,Bradly,m,67,150,1975-03-10
Workman,Dona,f,70,161,2014-09-30
Padilla,Denver,m,67,136,1983-10-04
Hines,Derek,m,61,125,1969-08-27
Barnett,Leroy,m,68,153,1965-08-03
Galloway,Arlen,m,62,115,1962-02-11
Harrell,Louella,f,63,139,1962-11-05
David,Aubrey,m,59,129,1946-09-20
Hensley,Lenard,m,72,179,1981-09-30
Fuller,Carlo,m,72,141,1961-01-03
Pagan,Dee,f,72,148,1965-07-07
Beard,Glen,m,63,139,1958-10-15
Marquez,Dottie,f,72,154,1946-12-16
Willis,Emmitt,m,69,153,1988-12-15
Sanford,Sharlene,f,62,117,1996-11-16
Chang,Joesph,m,68,164,1958-12-01
Madison,Wilson,m,72,138,1964-08-02
Workman,Kim,m,66,141,1957-07-23
Tyson,Leeann,f,65,133,2008-11-28
Stanley,Jenifer,f,70,145,1978-08-14
Roberson,Nora,f,58,130,2001-01-14
Puckett,Dennis,m,59,112,2008-10-04
Hanna,Shannon,m,64,138,1953-11-27
Eldridge,Solomon,m,72,147,1957-05-20
Barton,Vince,m,61,114,1971-09-04
Decker,Crystal,f,60,129,2013-07-03
Bacon,Ina,f,66,149,1956-06-03
Minor,Zack,m,62,141,2000-05-17
Spencer,Jan,m,69,159,2013-04-16
Levine,Chung,m,58,114,1975-01-22
Knox,Normand,m,58,108,1969-03-08
Whaley,Gay,f,61,139,1996-04-22
Sweeney,Wilmer,m,63,132,2002-12-11
Beck,Marcy,f,70,148,1984-11-14
Duke,Cherie,f,60,120,1986-06-20
Cantrell,Horace,m,60,134,1946-07-03
Henson,Marlon,m,61,123,1980-08-19
Nance,Ivette,f,58,107,1999-09-18
Gary,Alexis,m,70,150,2012-03-26
Keith,Emilia,f,72,155,1940-10-17
Shields,Louella,f,63,139,1990-06-11
Hopper,Dale,f,69,143,1953-02-12
Hendricks,Weldon,m,62,135,1974-12-28
Carey,Edgar,m,62,113,1953-09-22
Mason,Silas,m,58,131,1973-11-10
Gill,Jae,m,62,125,1966-06-23
Sinclair,Joshua,m,58,116,1998-11-22
Cross,Maribel,f,59,132,1946-01-07
Maxwell,Arnulfo,m,69,156,1978-07-04
Schroeder,Ola,f,59,119,1966-01-30
Law,Shannon,m,64,138,1981-06-22
Boyd,Alexandria,f,71,148,1993-02-27
Elliott,Sheila,f,64,141,2000-09-01
Britton,Brittney,f,71,136,1963-11-22
Grace,Muriel,f,64,142,2007-03-20
Barnes,Valentine,m,62,129,1975-12-25
Bray,Bradly,m,67,150,1955-04-16
Hartley,Chasity,f,70,149,1994-02-08
Hancock,Magdalena,f,67,157,1993-03-16
Carlson,Aaron,m,69,130,1987-08-09
Stevenson,Antonio,m,62,139,1946-01-10
Hart,Jeffery,m,61,106,1952-08-13
Irwin,Rickie,m,69,150,1961-09-25
Hoffman,Florence,f,63,112,1941-04-10
Bonner,Miranda,f,72,165,2013-12-24
Parsons,Alfred,m,70,149,1991-06-30
Gross,Ali,m,59,114,1972-12-21
Ortiz,Lyn,f,63,117,1982-02-24
Ashley,Mitchell,m,66,130,1993-09-18
Lowe,Kirsten,f,58,122,1986-05-15
Walsh,Leeann,f,65,133,1952-10-16
Barnes,Hortencia,f,69,149,1979-07-17
Rangel,Lula,f,72,143,1971-03-08
Guthrie,Germaine,f,62,126,1964-03-03
Hamm,Cleo,m,67,160,2001-09-30
Mcmahon,Susana,f,69,152,1992-10-04
Gallegos,Janel,f,63,147,1954-05-04
Jenkins,Charmaine,f,65,122,2004-07-26
Slater,Alba,f,58,124,1960-09-13
Sawyer,Emmitt,m,69,153,1979-09-27
Marquez,Craig,m,71,163,2014-06-10
Dailey,Deana,f,60,107,1981-01-29
Haney,Shawn,m,72,153,1946-11-11
Williams,Theresa,f,69,151,1943-08-26
Durham,Janette,f,71,137,2006-06-18
Callahan,Trudy,f,61,129,1992-11-14
Sosa,Shayne,m,67,159,1952-08-23
Sellers,Jamel,m,68,136,1949-11-28
Stafford,Bo,m,61,120,2010-04-29
Townsend,Dorsey,m,72,152,1983-02-02
Underwood,Barbra,f,71,155,1997-05-10
Akers,Kelvin,m,71,165,1977-11-02
Reeves,Latasha,f,68,158,1993-12-10
Henderson,Maxwell,m,71,170,2002-05-05
York,Mac,m,62,126,1975-05-03
Hickey,Mariano,m,62,117,1953-03-03
Clay,Jessie,f,60,121,1981-03-04
Fischer,Cortney,f,69,168,1987-08-24
Wang,Elwood,m,59,110,1995-07-06
Stinson,Justina,f,70,141,2004-06-18
Henson,Aimee,f,72,154,1976-04-08
Quinn,Adeline,f,63,130,1975-01-24
Todd,Krystal,f,70,154,1941-10-24
Medina,Gregorio,m,62,136,2013-03-15
Burns,Joseph,m,67,139,2004-08-14
Butler,Celeste,f,69,169,1960-04-01
Mata,Malinda,f,64,114,1961-04-02
Belcher,Kendrick,m,58,116,1961-01-16
Bowers,Jordon,m,58,110,1966-07-10
Broussard,Bart,m,69,148,2003-04-13
Vasquez,Adrian,m,70,140,2011-10-14
Archer,Ernestina,f,71,142,1956-08-17
Fry,Reyna,f,69,146,1944-10-20
Dillard,Fernando,m,67,128,1962-07-25
Gutierrez,Hugo,m,64,135,1981-08-25
Macias,Rickey,m,60,110,1988-04-16
Chaney,Althea,f,66,129,1993-01-16
Patel,Ira,m,60,106,2007-04-03
Benjamin,Johnnie,m,66,128,1948-07-04
Mooney,Marsha,f,63,139,1944-05-11
Wilder,Oren,m,59,117,1951-01-17
Hinton,Michaela,f,70,162,2010-04-17
Rutherford,William,f,65,122,1948-07-21
Anthony,Mack,m,62,121,1958-09-30
Hatcher,Glenda,f,69,129,1959-06-30
Davenport,Woodrow,m,68,136,1976-10-21
Burke,Cleo,f,72,140,1949-06-07
Whitney,Renee,f,60,112,1997-07-06
Parsons,Bryant,m,63,140,1960-09-01
Parks,Micah,m,70,146,2004-11-13
Hess,Sallie,f,59,103,1969-08-08
Avery,Rae,f,59,117,2010-04-30
Sears,Wilma,f,62,118,2012-03-19
Connor,Andres,m,60,122,1951-09-27
Corbett,Mark,m,69,152,1997-09-04
Chavez,Annette,f,63,144,1994-03-07
Stevenson,Sheila,f,64,141,1954-07-09
Murphy,Wilda,f,69,160,1962-08-11
Newman,Dino,m,60,129,1977-05-29
Crum,Tuan,m,62,111,1986-02-01
Richmond,Vicki,f,65,136,1955-01-18
Cash,Danielle,f,65,143,1942-07-06
Kerr,Jeramy,m,68,129,1994-11-10
Stokes,Jerome,m,58,131,1997-02-21
Taylor,Consuelo,f,64,135,1980-05-15
Puckett,Janice,f,58,114,1958-12-14
Mercer,Jeff,m,59,120,1992-07-29
Herrera,Alba,f,58,124,1949-07-21
Hardin,Shannon,f,70,155,1945-07-23
Thornton,Isabella,f,68,155,2006-06-17
Rowland,Alyce,f,59,119,1983-09-30
Huffman,Kasey,m,62,142,2010-09-11
Akers,Marisela,f,60,113,1996-03-02
Mcfadden,Herminia,f,61,139,1978-06-01
Sawyer,Alfreda,f,60,105,2002-04-17
Snow,Leif,m,68,147,1978-09-17
Palmer,Francesca,f,65,148,1958-06-03
Britton,Frieda,f,72,148,1971-03-07
Terrell,Eliseo,m,69,131,1996-09-13
Mccann,Spencer,m,68,133,2009-05-02
Keller,Pete,m,61,139,1964-07-14
Rocha,Juana,f,58,105,1957-03-19
Mahoney,Brock,m,72,159,1941-12-07
Camacho,Christian,f,62,123,1942-12-02
Villa,Anne,f,60,137,1957-04-20
Moon,Devon,f,71,164,1979-12-15
Harrell,Delmer,m,67,140,2000-12-10
Kemp,Daphne,f,62,133,1961-09-20
Lam,Dionne,f,63,121,1954-02-09
Waller,Gordon,m,59,112,1951-04-03
Stevens,Margery,f,69,166,2007-12-05
Knox,Gerald,m,59,134,1956-03-15
Maxwell,Sylvester,m,61,106,2014-01-11
Frye,Dion,m,59,118,1949-02-19
Parks,Dolores,f,67,128,1966-08-23
Frederick,Raymon,m,70,167,1969-08-30
Carter,Lavern,m,65,153,1958-05-18
Steward,Brigitte,f,64,140,1983-11-08
Lawrence,Maureen,f,65,120,2007-10-25
Parrish,Della,f,64,143,1946-03-04
Oconnell,Earnestine,f,59,134,1999-12-30
Barron,Pauline,f,58,115,1990-01-02
Kidd,Gwen,f,65,117,2012-08-25
Mcghee,Enoch,m,62,117,1978-04-28
Rosa,Tana,f,69,167,2003-12-01
Hopper,Beau,m,68,154,1956-03-19
Dailey,Leroy,m,68,153,1964-04-10
Patel,Marian,f,64,120,1962-05-20
David,Rosella,f,63,112,1946-06-22
Hastings,Kimberlee,f,64,144,1947-11-21
Logan,Cristina,f,69,168,2007-07-12
Mathews,Zoila,f,69,133,1997-12-02
Serrano,Mina,f,64,115,1948-12-19
Brandon,Reggie,m,69,130,1947-11-03
Gibbs,Myron,m,59,106,1941-09-08
Hancock,Raquel,f,71,162,2009-10-02
Wiggins,Neville,m,67,132,1969-04-27
Winters,Ernestina,f,71,142,1995-10-16
Donovan,Corrine,f,67,159,1990-12-05
Wood,Kelley,m,64,130,1940-08-13
Montes,Brett,m,66,151,2005-08-23
Hanna,Cherry,f,72,147,2008-04-09
Gibbons,Justine,f,71,139,1980-12-13
Kline,Gerry,m,62,131,1989-03-01
Kessler,Alisha,f,69,145,1987-10-15
Haas,Libby,f,64,119,1971-01-12
Mathews,Weston,m,67,126,1970-10-08
Odell,Cathrine,f,64,150,1982-08-11
Berg,Arline,f,66,141,1996-06-12
Bland,Rosario,f,59,129,2007-06-07
Leonard,Marlene,f,66,159,1962-02-08
Carey,Art,m,72,176,1959-11-21
Potter,Ellsworth,m,58,116,1969-07-26
Gordon,Marion,f,65,151,2010-05-08
Massey,Darryl,m,66,120,2013-06-09
Worley,Isabella,f,68,155,1965-09-05
Walters,Eldridge,m,58,119,2001-11-18
Rodgers,Darell,m,67,156,2007-10-20
Hill,Joel,m,62,143,1949-08-12
William,Freddy,m,62,120,1940-12-20
Maddox,Kim,f,67,146,2005-05-23
Cleveland,Anastasia,f,68,128,1994-10-19
Castillo,Lawanda,f,65,122,1990-11-28
Stuart,Alfredo,m,58,119,2004-09-20
Mcdonald,Jerrod,m,72,173,1942-01-27
Hendricks,Darius,m,70,169,1996-09-27
Levy,Francine,f,70,171,1975-04-09
Wong,Cornelia,f,61,123,1958-11-02
Elmore,Pattie,f,66,152,1977-01-30
Stein,Alissa,f,65,143,1991-01-18
Welsh,Minerva,f,68,154,1970-04-25
Welsh,Winford,m,66,123,2001-05-05
Whaley,Chris,o,72,177,1994-07-08
Mcintosh,Trenton,m,66,150,1958-01-08
Barron,Beau,m,68,154,1942-04-09
Johnston,Cody,m,62,109,1959-09-27
Justice,Bart,m,69,148,1953-12-28
Galloway,Deirdre,f,58,105,1993-10-04
Cline,Gilda,f,60,121,1984-03-20
Howe,Phoebe,f,63,113,2013-12-04
Sampson,Travis,m,71,169,1980-11-29
Sharpe,Isaiah,m,69,135,1950-07-06
Hays,Gus,m,58,113,1940-05-14
Fowler,Augustus,m,59,111,1949-06-20
Felix,Jami,f,62,117,1964-04-17
Gomez,Heath,m,64,114,1947-01-26
Dodd,Lauren,f,59,110,2010-08-19
Swain,Cecelia,f,67,123,1971-09-04
Andrade,Marcelo,m,72,142,1946-07-30
Moss,Laurence,m,70,169,1942-05-19
Hyde,Roxie,f,64,135,1997-10-11
Swain,Zoila,f,69,133,1947-06-18
Rodriquez,Briana,f,69,138,2002-03-16
Willis,Dena,f,69,169,1980-05-04
Arnold,Ray,m,63,122,1989-02-09
Williamson,Dena,f,69,169,1951-08-31
Buchanan,Stanley,m,66,149,1942-01-15
Clifton,Francisco,m,61,125,1962-07-01
Cabrera,Irwin,m,68,134,1973-02-03
Frazier,Agnes,f,69,137,1992-02-29
Joyce,Billie,f,61,138,1957-06-27
Richmond,Lynnette,f,65,147,2003-02-02
Dougherty,Bud,m,69,154,1993-04-14
Fletcher,Lara,f,69,162,2011-09-21
Dixon,Tracey,m,71,152,1992-06-29
Marshall,Melisa,f,64,114,1997-12-21
Stafford,Helga,f,61,135,1992-01-28
Arnold,Marty,m,62,132,1997-08-30
Delaney,Jorge,m,61,139,1980-10-29
Walden,Lowell,m,67,138,1974-04-30
Mosley,Carl,m,59,103,1974-08-02
Hollis,Keith,m,61,126,1971-04-16
Langley,Sheldon,m,71,157,1965-12-26
Valencia,Alfonzo,m,64,151,2000-01-13
Tucker,Sydney,m,62,132,1981-12-18
Pittman,Ryan,m,58,123,2011-02-06
Underwood,Lesa,f,66,146,2003-05-05
Underwood,Alejandra,f,64,138,1981-08-02
Conley,Elaine,f,70,160,1989-11-17
Mack,Ernie,m,65,138,1960-03-09
Gamble,Rosita,f,63,125,1991-08-29
Marshall,Gaylord,m,58,116,2014-04-17
Herring,Elia,f,60,121,1970-01-09
Holcomb,Viola,f,60,108,2011-10-27
Roberts,Terri,f,60,119,1994-03-27
Lynch,Claud,m,64,132,1979-05-22
Lehman,Stanton,m,59,123,1967-05-28
Yang,Lenny,m,62,115,1961-10-27
Lowe,Peter,m,67,130,1989-06-21
Cummings,Destiny,f,64,147,1940-08-04
Reyes,Tuan,m,62,111,2004-05-28
Carr,Nannie,f,70,154,1971-05-22
Wynn,Maximo,m,62,139,1942-08-01
Blevins,Luciano,m,58,126,2008-04-14
Wong,Karen,f,62,132,1951-12-14
Hamilton,Kelly,m,60,130,2014-10-06
Owens,Evangeline,f,72,149,1950-09-15
Blackburn,Clarissa,f,60,115,1993-06-01
Salinas,Moises,m,68,133,1983-12-13
Mcgrath,Kris,m,58,131,1998-01-18
Sparks,Karina,f,68,126,1961-03-28
Buckner,Dwain,m,60,120,2010-04-25
Anthony,Nell,f,72,169,1980-05-25
Chen,Francis,f,70,162,2011-10-02
Scott,Raymond,m,58,107,1999-08-13
Roberson,Chauncey,m,61,126,1965-02-04
Castro,Joann,f,63,135,1981-12-18
Chase,Augustine,m,65,128,2000-11-30
Goins,Delmar,m,59,132,1990-05-31
Andrews,Esperanza,f,68,167,1943-08-09
Waters,Tod,m,69,144,1985-09-13
Petty,Benita,f,64,124,1964-11-15
Horne,Queen,f,64,144,1985-07-28
Reese,Sergio,m,59,119,1964-03-05
Kelly,Moses,m,59,118,1996-07-01
Knowles,Lora,f,63,142,1992-09-15
Lester,Tammie,f,61,135,1947-12-24
Little,Araceli,f,58,126,2000-03-12
Mercer,Valentine,m,62,129,1981-01-07
Pierce,Myra,f,64,118,1967-12-22
Lawrence,Walter,m,66,150,1957-05-08
Finch,Antoine,m,58,102,1951-06-15
Sinclair,Anna,f,58,118,1941-02-01
Mccarthy,Ashleigh,f,68,135,1942-02-06
Delacruz,Royal,m,63,143,1984-09-17
Leach,Opal,f,63,115,1965-09-20
Kent,Dixie,f,64,117,2009-02-17
Sweeney,Leonel,m,69,155,1994-02-19
Magee,Wes,m,68,156,2010-12-30
Slaughter,Heather,f,70,161,2004-12-08
Hurley,Vida,f,59,112,1956-05-13
Rios,Quintin,m,70,144,2000-02-04
Cox,Derick,m,58,104,1944-07-03
Acevedo,Delphine,f,72,172,2003-12-26
Mcmahon,Devon,f,71,164,1990-10-09
Pryor,Suzette,f,67,139,1974-09-16
Hutchins,Alfredo,m,58,119,1942-05-30
Galloway,Lon,m,58,125,1976-07-26
Snider,Alyce,f,59,119,1971-07-05
Proctor,Maryanne,f,71,161,1965-03-24
Lamb,Claud,m,64,132,1978-04-29
Adams,Sybil,f,59,103,1973-11-08
Lancaster,Kory,m,72,142,2006-03-24
Williams,Lynnette,f,65,147,2002-05-14
Starr,Anne,f,60,137,1967-09-24
Howe,Pedro,m,67,123,1951-05-12
Wyatt,Lindsey,m,60,112,1941-09-27
Mckee,Cristopher,m,61,136,1972-06-09
Pace,Belinda,f,59,133,1963-05-01
Hartman,Jonas,m,62,117,1981-07-07
Estes,Mauro,m,67,144,1997-02-26
Haas,Rosie,f,64,137,2006-05-20
Terry,Suzette,f,67,139,1958-12-22
Patel,Staci,f,58,116,1941-12-13
Dale,Sharlene,f,62,117,1944-03-12
Luna,Moshe,m,68,158,1968-07-26
Haynes,Javier,m,69,148,2011-02-15
Fontenot,Valentin,m,58,126,1992-03-15
Atkinson,Dee,m,68,166,2000-01-24
Nieves,Ross,m,67,127,1942-02-02
Gaines,Anton,m,68,131,1966-11-06
Marquez,Sid,m,63,126,1962-12-16
Compton,Genevieve,f,66,138,2008-09-04
Harding,Lindsey,m,60,112,1978-08-03
Perez,Giuseppe,m,62,110,1953-04-18
Burns,Emmitt,m,69,153,2012-05-02
Montgomery,Jenna,f,61,109,2000-09-10
Acevedo,Graig,m,63,118,1974-10-13
Marshall,Bettie,f,61,114,1986-01-12
Kidd,Stella,f,58,111,1972-11-24
Rosa,Shaun,m,62,142,2008-06-08
Knapp,Rosalie,f,69,161,2005-05-23
Taylor,Ulysses,m,67,146,1972-06-10
Cabrera,Nita,f,61,134,1941-04-21
Russo,Kendrick,m,58,116,2000-01-31
Howard,Wallace,m,64,123,1945-11-17
Friedman,Rachelle,f,63,147,2008-01-19
Merritt,Evangeline,f,72,149,1988-07-01
Glenn,Robbin,f,64,139,2006-06-28
Butler,Tammie,f,61,135,1996-02-25
Rosado,Ebony,f,70,157,1956-01-14
Murphy,Minh,m,62,129,1945-07-20
Russo,Lance,m,63,147,1956-08-29
Weiss,Robbie,f,59,109,1942-05-29
Noel,Linda,f,69,139,1956-04-29
Katz,Debora,f,72,153,1998-02-23
Savage,Elton,m,67,154,1985-11-19
Duncan,Logan,m,66,138,1961-03-28
Gordon,Jacquelyn,f,71,167,1975-09-17
Cotton,Arline,f,66,141,1941-04-20
Solis,Russel,m,66,121,1997-03-16
Jimenez,Cathy,f,60,118,1973-12-18
Lamb,Floyd,m,64,132,1943-07-08
Daniels,Amos,m,66,124,1974-03-03
Mahoney,Wilhelmina,f,72,155,1994-12-27
Dawson,Palmer,m,61,112,2007-10-06
Mack,Flossie,f,69,146,1994-01-12
Talley,Bart,m,69,148,1981-05-20
Oconnor,Valentin,m,58,126,2002-02-28
Lucero,Renee,f,60,112,1981-04-30
Barron,Roseann,f,64,135,1991-09-03
Lockhart,Judson,m,61,137,1971-03-03
Mcdaniel,Lionel,m,64,142,1973-10-01
Andersen,Dorris,f,65,130,1946-12-21
Samuels,Darlene,f,66,124,1995-07-05
Owen,Monika,f,68,136,1942-10-04
Delaney,Danny,m,61,118,1964-03-23
Henderson,Aubrey,f,65,137,1995-12-30
Nix,Marisela,f,60,113,1968-09-26
Eaton,Viola,f,60,108,2012-08-04
Cuevas,Vaughn,m,67,123,1980-11-23
Beck,Danial,m,65,137,1958-01-13
Richmond,Reginald,m,64,119,1942-10-31
Hinkle,Emanuel,m,59,120,2006-02-25
Stewart,Margarita,f,65,122,1945-04-18
Hart,Lorri,f,58,111,1959-04-01
Patton,Barton,m,67,157,1958-03-08
Brock,Janelle,f,66,140,2010-12-04
Newman,Adam,m,58,103,1995-10-26
Heath,Alphonse,m,66,123,2011-01-18
Coleman,Allyson,f,58,112,1970-02-21
Daugherty,Napoleon,m,66,123,2005-04-13
Evans,Lettie,f,60,137,1992-03-17
Harrell,Adan,m,69,146,2008-08-15
Vazquez,Jarrod,m,72,167,1968-06-25
Calhoun,Rosario,m,61,108,1963-03-11
Acosta,Susanna,f,67,123,1942-04-03
Hogan,Jarred,m,62,110,1954-06-18
Escobar,Marilynn,f,64,143,1944-10-09
Sosa,Todd,m,59,127,1969-11-22
Foley,Kira,f,63,127,1970-07-15
Barrera,Delma,f,58,109,1998-11-18
Farris,Phillis,f,69,150,1969-07-26
Barrett,Madeleine,f,67,149,2005-01-02
Levine,Liza,f,71,158,1987-10-24
Yoder,Gus,m,58,113,1978-11-17
Bonner,Bret,m,70,151,1976-08-08
Leon,Jon,m,63,136,1992-07-04
Oliver,Grady,m,58,109,1946-01-04
Farris,Claudine,f,62,143,1966-06-18
Strong,Cleo,f,72,140,1995-12-21
Wise,Genevieve,f,66,138,2002-01-13
Juarez,Iva,f,68,140,1975-03-21
Lambert,Alexander,m,69,149,2005-04-08
Andrews,Cari,f,69,153,2003-05-18
Sherman,Jennie,f,63,147,1996-02-13
Stewart,Danny,m,61,118,1941-10-13
Nicholson,Isaiah,m,69,135,2010-04-02
Ferrell,Kaitlyn,f,61,124,1988-08-29
Cummings,Jasmin,f,65,146,2002-08-29
Sellers,Lucas,m,59,108,1964-09-17
Nance,Mauro,m,67,144,2003-08-12
Randall,Nora,f,58,130,1969-12-07
Lake,Becky,f,69,144,1953-10-06
Foster,Emil,m,68,151,1993-08-14
Blair,Asa,m,66,128,2003-08-16
Shea,Vickie,f,65,126,2011-05-07
Kennedy,Lola,f,65,138,1999-06-06
Todd,Bonnie,f,69,140,1955-09-07
Hurst,Gladys,f,67,134,1947-07-10
Cardenas,Donnell,m,72,177,1987-02-01
Schaefer,Luke,m,65,135,1968-06-12
Snyder,Nanette,f,69,168,1952-01-15
Chambers,Bridgette,f,69,146,1963-09-15
Cole,Rosa,f,59,128,1953-04-05
Mathis,Bobby,f,59,103,1993-01-27
Johns,Dion,m,59,118,1999-11-20
Numbers,Chantel,f,58,123,1948-08-10
Mooney,Cara,f,71,142,1988-08-29
Adams,Angelita,f,69,167,2001-08-06
Cook,Sang,m,70,144,1959-09-08
Fitzpatrick,Denny,m,59,131,1975-11-27
Lutz,Tessie,f,59,103,1945-05-01
Cooke,Traci,f,72,170,2003-02-03
Jacobson,Burl,m,63,118,1964-07-02
Hendrix,Jonas,m,62,117,1945-05-28
Pace,Debora,f,72,153,1942-05-26
Parks,Myron,m,59,106,1944-05-24
Wong,Malcolm,m,59,133,1977-04-21
Escobar,Mollie,f,60,128,1954-07-28
Gillespie,Latisha,f,66,130,1952-08-18
John,Sheree,f,59,103,1950-11-21
Hicks,Libby,f,64,119,1963-04-14
Briggs,Marcella,f,66,130,1998-09-20
Herron,Fanny,f,72,157,1971-02-18
Durham,Arnold,m,67,138,2006-06-16
Diaz,Chet,m,62,116,1966-06-21
Mejia,Brad,m,66,122,1996-04-19
Meeks,Rosemarie,f,63,127,1980-10-03
Huffman,Latisha,f,66,130,1959-01-30
Maldonado,Jewel,f,66,143,1967-03-14
Hood,Hilario,m,72,155,1992-12-18
Hendrix,Eleanor,f,62,122,1962-10-26
Klein,Giovanni,m,67,125,1974-08-30
Schwartz,Loraine,f,60,125,1969-09-14
French,Melva,f,69,158,2001-11-17
Johns,Robbie,m,59,118,2013-11-02
Monroe,Hortencia,f,69,149,2010-12-08
Burke,Len,m,59,118,1955-04-15
Moyer,Leonard,m,71,142,1985-12-08
Conrad,Logan,m,66,138,1956-02-15
Haas,Evangeline,f,72,149,1976-07-02
Cook,Rosalyn,f,59,114,2002-07-27
Holt,Rosa,f,59,128,2011-01-11
Davenport,Ahmed,m,63,115,1986-06-03
Nichols,Del,m,72,157,1966-09-04
Baker,Rosetta,f,58,115,1961-11-12
Elder,Grant,m,70,172,1986-04-08
Curry,Veda,f,70,159,1941-02-06
Sharp,Susan,f,63,134,1962-07-22
Colon,Coy,m,72,161,1960-12-04
Mason,Fern,f,63,129,1970-10-26
Vega,Omar,m,65,134,1940-08-12
Bishop,Tammi,f,71,161,1974-07-26
Morris,Robin,m,65,141,2007-10-19
Welch,Tasha,f,72,170,1958-03-12
Collier,Leanne,f,58,130,1999-02-03
Castro,Warren,m,72,147,1965-03-07
Keith,Cari,f,69,153,1982-12-18
Roach,Kaitlyn,f,61,124,1943-07-26
Greene,Ahmed,m,63,115,1970-02-20
Holley,Florence,f,63,112,2005-01-23
Mccullough,Lesa,f,66,146,1992-04-12
Golden,King,m,64,126,1949-10-09
Welch,Gertrude,f,60,112,1959-04-19
Sampson,Bertha,f,67,144,1961-08-13
Cross,Mara,f,64,124,2013-09-20
Harrington,Josie,f,65,127,1966-11-02
Ramos,Janice,f,58,114,2013-02-18
Holmes,Fannie,f,72,165,1993-09-12
Hebert,Casandra,f,71,167,1974-09-03
Beasley,Andy,m,62,129,1949-02-05
Rangel,Hillary,f,62,111,1949-06-19
Hoover,Lupe,f,58,113,2003-05-03
Hardy,Clarissa,f,60,115,1971-09-12
Forbes,Marci,f,63,137,1988-04-13
Dennis,Yong,f,71,163,1986-02-02
Everett,Amber,f,71,161,1967-12-02
Sharpe,Wilmer,m,63,132,2005-04-02
Britton,Lorenzo,m,60,112,1974-05-24
Pike,Brittney,f,71,136,2011-07-07
Childress,Tim,m,67,146,1946-08-12
Benton,Katherine,f,70,140,1985-04-18
Gaines,Kitty,f,59,108,1945-07-29
Watts,Sandy,m,64,121,1965-02-24
Katz,Angelique,f,61,128,1984-02-02
Tanner,Tisha,f,71,145,1946-02-17
Roberson,Laverne,f,62,123,1955-03-06
Velez,Lynette,f,71,144,1946-09-11
Thompson,Cindi,f,71,136,1953-11-01
Parsons,Taylor,o,61,139,2005-07-19
Childers,Alfredo,m,58,119,1949-07-02
Farrell,Frankie,f,72,177,1985-01-23
Sparks,Leopoldo,m,61,134,1958-09-23
Helms,Clark,m,67,160,1983-10-06
Lockhart,Colin,m,70,169,1973-09-01
Rich,Kristy,f,71,141,1968-02-14
Harper,Lea,f,63,136,1958-12-11
Rosario,Grover,m,71,152,2000-02-21
Ayala,Toney,m,68,157,1969-05-21
Floyd,Morgan,f,59,119,2000-09-05
Gallagher,Francis,f,70,162,1970-10-27
Valdez,Demetrius,m,60,137,1940-05-02
Santiago,Candace,f,71,141,1956-02-06
Underwood,John,m,68,133,1979-03-27
Rice,Jackson,m,68,139,1950-09-24
Dominguez,Alonzo,m,59,125,1966-11-17
Fernandez,Harley,m,69,130,1942-07-02
Moore,Randi,f,68,138,1976-06-29
Wood,Susana,f,69,152,1963-12-06
Olson,Ebony,f,70,157,1981-07-20
Mcdonald,Glen,m,63,139,1983-07-15
Bowling,Travis,m,71,169,1977-02-05
Carpenter,Josef,m,71,140,1996-01-15
Clemons,Guadalupe,m,61,107,1994-10-22
Martin,Bryant,m,63,140,1948-04-19
Porter,Calvin,m,66,134,1995-02-03
Nixon,Marcia,f,61,136,2006-06-10
Marquez,Angela,f,59,119,1973-05-14
Young,Mose,m,70,172,1969-05-24
Boone,Mark,m,69,152,1950-02-21
Hampton,Ebony,f,70,157,1977-11-11
Franks,Elissa,f,63,136,1954-03-04
Conley,Nelda,f,64,138,1989-03-25
Kendrick,Wyatt,m,59,105,1988-02-27
Novak,Dorothy,f,60,127,1943-11-11
Bowman,Leon,m,62,141,1997-07-25
Barker,Zack,m,62,141,1944-02-27
Sellers,Beulah,f,70,171,1940-03-06
Rosado,Brooks,m,66,123,1971-06-11
Fritz,Major,m,65,151,1960-09-11
Cardenas,Buddy,m,71,146,2003-02-21
Brady,Chet,m,62,116,1983-04-22
Dorsey,Troy,m,63,147,1959-05-02
Hickey,Leta,f,63,130,2008-07-09
Cortez,Estela,f,63,121,1941-10-10
Byrd,Keneth,m,71,147,1970-05-28
Albert,Brian,m,65,152,1961-06-23
Pearson,Kelli,f,67,136,2012-11-19
Farrell,Mandy,f,59,122,1990-10-05
Hays,Abraham,m,67,138,1994-10-18
Rowland,Rhea,f,68,161,2006-09-27
Noel,Jacques,m,71,173,1980-04-28
Mathis,Lorene,f,70,170,2014-03-31
Macdonald,Joel,m,62,143,1999-10-25
Harden,Jarod,m,63,121,2010-07-02
Donovan,Sybil,f,59,103,2007-06-27
Berger,Marguerite,f,70,156,1959-09-14
Bender,Jamal,m,70,151,1952-04-19
Cherry,Avis,f,70,139,1999-12-11
Nieves,Melisa,f,64,114,1962-04-07
Ware,Roger,m,70,145,2003-02-11
Black,Fern,f,63,129,1997-01-27
Mcmillan,Grady,m,58,109,1967-10-26
Chambers,Domingo,m,59,118,1973-09-20
Matthews,Devon,m,63,128,1951-06-28
Harper,Ruthie,f,71,137,1974-08-06
Gibson,Debra,f,70,159,2004-05-11
Sims,Joni,f,62,111,1994-04-28
Reed,Matthew,m,72,174,1995-03-06
Crow,Adrianne,f,71,161,1955-06-28
Yoder,Gregory,m,62,120,1988-04-19
Daugherty,Toni,f,70,157,2004-11-06
Meeks,Emery,m,63,131,1979-11-15
Hays,Kristen,f,66,156,1982-01-26
Griggs,Harry,m,63,118,1981-08-07
Stout,Ethan,m,66,121,1941-11-04
Blanton,Jeannette,f,65,148,1975-04-30
Mcguire,Corina,f,60,136,1941-01-18
Cox,Sonny,m,70,153,1995-05-22
Emery,Reynaldo,m,67,153,1997-05-11
Small,Gale,f,59,106,1995-12-12
Humphrey,Cristopher,m,61,136,1983-02-26
Goldstein,Shawn,m,72,153,1941-02-07
Shaw,Diann,f,59,116,1946-10-06
Cole,Claire,f,62,125,1940-10-09
Stuart,Royce,m,71,158,1946-03-30
Cantu,Leopoldo,m,61,134,1994-11-03
Beard,Oscar,m,68,164,2005-12-04
Blackwell,Herman,m,68,136,2010-08-27
Curry,Rodger,m,66,142,1989-03-28
Rodriguez,Vaughn,m,67,123,1956-10-10
Bartlett,Carrie,f,67,152,1961-11-23
Bender,Marcie,f,59,125,1971-01-04
Wright,Fannie,f,72,165,1977-12-22
Haas,Brendon,m,66,133,1943-02-18
Acevedo,Alvina,f,63,113,1978-09-26
Frye,Maxwell,m,71,170,1985-01-17
Mcbride,John,m,68,133,2000-03-21
Pena,Letitia,f,60,117,1941-01-25
Chandler,Eugene,m,70,169,2014-01-28
Crane,Esmeralda,f,68,160,1986-01-06
Hodges,Dewey,m,70,161,2004-06-11
Ingram,Willian,m,69,169,1984-06-30
Williamson,Aimee,f,72,154,1995-08-22
Arroyo,Muriel,f,64,142,1983-07-19
Haynes,Jackson,m,68,139,1976-03-19
Torres,Cecilia,f,67,140,1974-07-03
Weber,Joanna,f,66,130,1963-09-17
Bolden,Devon,m,63,128,2010-06-20
Anderson,Kimberley,f,68,139,2014-10-01
Grimes,Verda,f,62,126,2007-05-05
Conway,Lauren,m,68,158,1963-12-10
Camp,Kenya,f,58,110,1989-03-26
Rasmussen,Elden,m,58,112,1993-12-25
Ratliff,Emmanuel,m,59,115,1964-11-22
Cline,Sue,f,62,111,1984-05-19
Downs,Dana,o,62,142,2002-06-12
Dailey,Aimee,f,72,154,1961-10-07
Schultz,Wilson,m,72,138,1986-06-26
House,Cindy,f,64,145,1979-04-12
Sweeney,Rosemarie,f,63,127,2010-12-26
Beard,Margie,f,70,163,1990-11-29
Neal,Odessa,f,71,159,1954-12-24
Walters,Cleveland,m,58,123,1970-11-13
Wall,Fausto,m,59,108,1988-08-24
Ballard,Errol,m,66,141,1947-04-28
Livingston,Rickie,m,69,150,1973-07-29
Howard,Margery,f,69,166,2006-07-10
Cleveland,Ernesto,m,71,148,1965-04-22
Poole,Jeramy,m,68,129,1962-02-23
Nicholson,Clifton,m,69,155,2014-08-24
Johns,Norris,m,59,118,1999-10-09
Dickson,Desmond,m,59,133,1990-10-28
Cooley,Adeline,f,63,130,1986-10-13
Puckett,Warner,m,59,113,1992-05-10
Mckay,Rosita,f,63,125,1977-02-22
Mayes,Jodi,f,58,106,1957-11-29
Sweeney,Leigh,f,59,114,1983-11-05
Orr,Jerome,m,58,131,1974-03-28
Powers,Frankie,m,66,151,1983-05-28
Mcgowan,Jeramy,m,68,129,1954-03-13
Munoz,Joe,m,64,136,2005-12-08
Franklin,Opal,f,63,115,1966-09-03
Hyde,Barbra,f,71,155,2013-07-09
Elliott,Russel,m,66,121,1964-06-22
Montes,Marcus,m,71,138,1942-06-21
Chambers,Emilia,f,72,155,1953-10-24
Valenzuela,Maggie,f,65,124,2010-05-12
Mata,Lorena,f,66,144,1989-11-05
Campos,Man,m,71,162,1980-06-30
Dillon,Letha,f,72,156,1972-05-29
Crouch,Jordan,f,61,138,1966-08-11
Denton,Malcom,m,70,146,2003-05-06
Mercer,Loretta,f,59,105,1964-06-20
Gamble,Lyn,f,63,117,1975-10-09
Pena,Verna,f,59,124,1990-02-01
Parker,Milagros,f,70,143,1959-05-30
Cook,Marsha,f,63,139,1988-05-04
Lara,Calvin,m,66,134,1949-09-20
Moses,Jennifer,f,65,117,1993-04-14
Bullock,Greta,f,65,146,1963-03-27
Kramer,Jocelyn,f,68,160,1978-11-24
Koch,Deloris,f,71,174,2014-09-25
Santana,Anna,f,58,118,1964-05-27
Carr,Colby,m,70,164,1954-05-08
Lucero,Tod,m,69,144,1985-02-26
Shoemaker,Julian,m,70,140,1989-05-07
Mcclain,Nicholas,m,60,130,1949-01-16
Sheppard,Justin,m,67,143,2008-05-25
Guthrie,Alissa,f,65,143,1946-09-28
Ratliff,Bud,m,69,154,2005-09-29
Wilson,Noah,m,63,127,1981-09-18
Perkins,Jefferey,m,58,117,1995-04-25
Wynn,Chas,m,59,117,1991-08-24
Rivas,Aubrey,f,65,137,1998-09-12
Wheeler,Renaldo,m,65,136,1961-02-11
Hayes,Debby,f,65,155,1967-05-08
Bean,Duane,m,66,159,1962-12-11
Gutierrez,Sharlene,f,62,117,1978-06-03
Arrington,Elisha,f,63,146,1955-09-14
Howard,Nicole,f,72,174,1963-09-16
Burnett,Iola,f,69,161,1957-02-03
Terrell,Silvia,f,72,148,2011-03-17
Small,Larissa,f,65,134,2004-07-16
Sears,Cory,m,66,136,1964-11-05
Meyers,Denis,m,60,132,1978-02-16
Anthony,Titus,m,72,166,1948-07-07
Woodruff,Weston,m,67,126,1963-11-26
Holcomb,Milo,m,58,121,2005-10-14
Galloway,Branden,m,60,121,1952-11-23
Winters,Bennett,m,62,143,1990-05-13
Byers,Kennith,m,63,138,1951-03-31
Camp,Gregory,m,62,120,1985-12-27
Doyle,Laurie,f,71,149,2001-08-23
Witt,Dylan,m,70,149,1997-11-13
Richard,Wilma,f,62,118,2006-07-12
Hurley,Randall,m,69,151,1976-12-10
Vasquez,Frederick,m,65,152,2004-08-11
Noel,Lavonne,f,67,126,1983-05-09
Mendoza,Jack,m,63,113,1989-03-27
Rutherford,Rafael,m,72,160,1992-08-20
Avila,Lidia,f,59,106,1971-06-16
Mccullough,Diane,f,60,131,1970-09-21
Vaughn,Wilhelmina,f,72,155,1992-02-28
Riley,Juana,f,58,105,1956-08-01
Perez,Jerold,m,59,112,1979-12-02
Stout,Deangelo,m,58,115,1960-09-27
Whaley,Shelia,f,71,137,1999-09-07
Rice,Alison,f,69,158,1975-07-25
Craig,Robin,m,65,141,1957-04-02
Marsh,Pierre,m,72,150,2006-01-21
Peters,Jo,f,64,139,1981-02-16
Greene,Darwin,m,68,167,1997-09-08
Obrien,Rickey,m,60,110,1994-02-18
Coffman,Myrtle,f,64,122,1963-09-07
Smart,Phillis,f,69,150,1995-09-04
Stanley,Andrea,f,68,156,2006-04-12
Martinez,Eusebio,m,64,138,1975-05-22
Oconnor,Wilburn,m,63,137,2013-10-07
Welsh,Jarvis,m,67,155,1970-12-27
Clayton,Carissa,f,63,123,1963-07-26
Hayden,Reta,f,71,163,1955-06-20
Barry,Ken,m,65,122,1953-09-28
Bruce,Lola,f,65,138,1944-12-21
Moreno,Augusta,f,68,154,1957-11-21
Carson,Jewel,m,65,154,1949-08-19
Springer,Cristina,f,69,168,1968-09-30
Hawkins,Tami,f,61,109,1974-10-19
Law,Bud,m,69,154,1988-09-18
Cooke,Carlo,m,72,141,1964-12-29
Hartley,Veda,f,70,159,1997-10-05
Cain,Dolly,f,62,128,2013-02-22
Ochoa,Giovanni,m,67,125,1952-03-19
Francis,Delbert,m,65,141,1985-05-27
Ervin,Ivy,f,69,129,1965-05-30
Terrell,Booker,m,63,126,1983-02-06
Mcdonald,Clement,m,72,138,1958-02-18
Miles,Zoila,f,69,133,1998-08-12
Dunn,Reva,f,67,125,1965-12-01
Haynes,Dena,f,69,169,1954-10-07
Polk,Donnie,m,62,116,1954-12-15
Chang,Porter,m,61,132,1961-01-13
Castaneda,Margaret,f,66,137,1956-09-29
Madden,Calvin,m,66,134,1943-12-19
Dixon,Jules,m,65,122,2007-03-10
Alford,Rusty,m,71,154,1970-06-10
Meyer,Mercedes,f,69,149,1945-09-01
Miller,Claud,m,64,132,1973-10-21
Welch,Jade,f,68,157,1941-09-12
Knowles,Rosetta,f,58,115,1948-07-24
Justice,Tracy,f,65,129,1961-09-14
Terrell,Angel,m,64,146,2013-08-03
Lane,Katy,f,61,129,1993-02-25
Lindsey,Lamont,m,72,178,1961-02-15
Field,Rhonda,f,72,170,1974-05-05
Morton,Chloe,f,61,131,2006-09-21
Fowler,Clarissa,f,60,115,1954-01-03
Ward,Minh,m,62,129,1991-07-01
Romero,Hassan,m,72,165,1986-12-16
Deleon,Emerson,m,61,129,1962-04-09
Hall,Maxine,f,70,137,1969-06-29
Maloney,Lorena,f,66,144,2008-03-12
Justice,Ofelia,f,68,156,1982-06-07
Meyers,Marylou,f,62,118,1992-08-16
Burgess,Hank,m,62,131,1981-03-19
Larson,Ivan,m,58,120,1963-05-26
Yates,Roxanna,f,72,175,1958-08-27
Griffin,Carissa,f,63,123,1986-10-28
Griggs,Hazel,f,61,133,2014-02-18
Gordon,Wesley,m,69,159,1958-08-14
Schmidt,Elsa,f,67,162,1996-07-07
Washington,Josephine,f,72,138,1970-07-05
Barker,Tyree,m,72,156,1976-07-05
Guzman,Zoila,f,69,133,1954-11-11
Shields,Louie,m,67,144,1960-10-19
House,Tomas,m,58,103,2004-04-13
Terrell,Arron,m,65,137,1959-02-16
Bauer,Lillian,f,67,163,1957-12-13
Holley,Rubin,m,68,163,2007-02-18
Noble,Ivy,f,69,129,1982-02-01
Boone,Katherine,f,70,140,2000-07-29
Pryor,Maxwell,m,71,170,1988-11-04
Myers,Teresita,f,70,169,1942-04-09
Barrett,Olen,m,66,138,1972-09-11
Andersen,Janell,f,71,137,1963-04-04
Griffin,Tammy,f,68,126,2013-09-29
Dickson,Fannie,f,72,165,1950-07-09
Dickerson,Harley,m,69,130,2011-02-08
Knight,Eunice,f,62,126,2006-02-22
Hickman,Jeffry,m,68,136,1980-10-27
Rhodes,Mamie,f,64,131,1987-11-05
Archer,Reuben,m,61,135,1967-12-08
Sutton,Lizzie,f,60,105,1990-10-31
Montgomery,Aida,f,71,145,1968-04-27
Rowe,Elroy,m,63,141,1963-03-11
Krause,Cecile,f,58,129,1980-09-01
Bond,Joy,f,71,154,1956-10-07
Worley,Sabrina,f,60,133,1989-10-02
Norris,Joanne,f,68,153,1993-11-08
Lewis,Robt,m,65,121,1979-07-09
Coffman,Micah,m,70,146,2000-10-09
Carver,Margarita,f,65,122,1953-03-12
Jarvis,Cary,m,68,160,1967-06-13
Fowler,Cody,m,62,109,1994-02-09
Hood,Rosendo,m,71,152,2004-03-19
Butler,Rolando,m,71,137,1972-02-08
Dotson,Roslyn,f,70,156,1983-06-15
Kinney,Nina,f,68,155,2011-07-11
Atkinson,Kareem,m,58,104,2013-04-13
Mccormick,Raphael,m,66,120,1954-05-02
Connor,Lilly,f,72,143,1989-11-06
Chen,Velma,f,71,164,2013-10-03
Barry,Leona,f,64,127,1986-04-14
Scott,Zelda,f,72,158,1957-03-05
Hale,Merlin,m,58,115,1974-02-09
Villa,Kira,f,63,127,1975-03-22
Dillard,Randolph,m,63,146,2007-01-06
Pope,Edna,f,58,130,1946-01-11
Sims,Vicky,f,63,144,2014-02-05
Workman,Rogelio,m,63,114,1947-03-08
Carroll,Adolph,m,58,117,1989-04-17
Baldwin,Shelia,f,71,137,2013-01-12
Travis,Giovanni,m,67,125,1972-06-29
Farrell,Stacie,f,63,142,1960-05-17
Neal,Glenda,f,69,129,1961-10-04
Trujillo,Monroe,m,62,138,1998-09-06
Morgan,Florine,f,69,170,1966-07-24
Mcguire,Sheri,f,61,108,1999-12-16
Bauer,Sophie,f,61,117,1958-10-04
Elkins,Chris,o,72,177,2014-01-29
Foster,Walton,m,64,114,1993-04-19
Finch,Maurice,m,65,125,1949-12-03
Lott,Ursula,f,71,176,1973-05-04
Sawyer,Tyler,m,58,112,1978-08-29
Coffey,Marquita,f,70,137,1960-11-16
Flynn,Napoleon,m,66,123,1986-04-01
Donahue,Edward,m,59,133,2012-07-19
Chase,Concetta,f,70,134,1993-09-08
Mcknight,Wilfred,m,70,137,1989-12-11
Hawkins,Buster,m,68,155,1994-09-07
Middleton,Ezequiel,m,72,150,2008-10-13
Hodge,Lazaro,m,59,107,1965-07-17
Mcallister,Johnnie,f,72,170,1997-12-14
Conner,Patricia,f,70,161,1983-07-13
Ramirez,Maryanne,f,71,161,1950-02-20
Finch,Mildred,f,65,129,1985-02-03
Kane,Maritza,f,65,150,1955-09-20
Bishop,Caren,f,63,132,1943-09-26
Puckett,Hobert,m,64,127,1944-03-23
Anderson,Peter,m,67,130,1991-08-09
Mendez,Bianca,f,72,157,1994-06-20
Hobbs,Gus,m,58,113,1948-07-21
Lindsay,Harrison,m,65,136,2009-02-08
French,Morgan,f,59,119,1944-12-22
John,Berta,f,70,161,1946-04-15
Hooper,Roslyn,f,70,156,1994-05-13
Perry,Debora,f,72,153,2013-11-11
Elder,Myrtle,f,64,122,2014-07-31
Marquez,Ruben,m,66,139,1983-08-05
Kinney,Ginger,f,65,142,2012-03-19
Pugh,Darrin,m,59,120,1987-05-13
Stuart,Gregorio,m,62,136,1986-08-09
Holder,Jean,m,67,155,1942-04-01
Farrell,Frankie,m,66,151,1943-06-13
Denton,Willian,m,69,169,1948-08-19
Stinson,Dionne,f,63,121,2004-11-19
Rowe,Saul,m,63,113,1961-03-01
Dillard,Germaine,f,62,126,2011-09-23
Serrano,Leota,f,58,111,1965-05-27
Quinones,Kerry,f,66,149,1961-05-15
Conrad,Timothy,m,67,141,1960-04-30
Hoover,Jeromy,m,58,111,1969-01-18
Munoz,Lana,f,70,150,2009-06-02
Fitzgerald,Edgar,m,62,113,1959-09-27
Pope,Fannie,f,72,165,1971-08-27
Carson,Joni,f,62,111,1948-10-04
Roy,Randell,m,60,114,2008-12-21
Conrad,Cathleen,f,72,159,1989-07-23
Galloway,Lottie,f,64,125,2003-02-14
Daugherty,Tina,f,71,141,2002-08-03
Graham,Guadalupe,f,70,133,1979-04-10
Petty,Orville,m,61,126,1966-09-30
Skinner,Marlin,m,58,116,1956-01-10
Conley,Lon,m,58,125,1985-06-09
Mason,Dixie,f,64,117,1999-08-22
Fuentes,Odell,m,68,128,1957-07-22
Washington,Sammie,m,66,152,1967-10-11
Berg,Chester,m,60,133,2006-03-12
Johnson,Irvin,m,59,109,1966-11-02
Mooney,Cody,m,62,109,1951-11-15
Boggs,Ty,m,60,116,1945-11-30
Logan,Chris,o,72,177,1958-06-12
Cooke,Iola,f,69,161,1945-05-25
Lewis,Patsy,f,70,143,1941-11-24
Wolf,Alfredo,m,58,119,1996-02-18
Gonzales,Chet,m,62,116,2005-11-11
Dodd,Crystal,f,60,129,1973-11-30
Steward,Jean,m,67,155,1998-04-09
Cramer,Mack,m,62,121,1991-11-21
Rich,Dylan,m,70,149,1941-01-28
Booker,Zachary,m,59,127,2012-01-22
Chambers,Jarrett,m,70,169,1973-07-07
Knox,Ali,m,59,114,2008-11-25
Harrington,Marva,f,71,146,1975-12-09
Anthony,Nanette,f,69,168,1992-11-13
Wilson,Petra,f,71,172,1961-04-09
Newman,Maurine,f,58,124,2001-10-04
Lara,Flossie,f,69,146,1960-01-24
Whitehead,Marcy,f,70,148,1946-10-07
Guerra,Eugenia,f,67,156,1958-09-20
Holley,Charley,m,58,129,1943-11-09
Gaines,Kaitlyn,f,61,124,1997-02-12
Stanley,Joe,m,64,136,2013-11-23
Tucker,Harlan,m,65,138,1969-02-16
Nunez,Minh,m,62,129,1993-11-27
Walters,Valarie,f,63,115,1997-09-20
Graham,Viola,f,60,108,1972-05-28
Workman,Lori,f,68,131,2002-04-21
Cherry,Corrine,f,67,159,1941-03-25
Vaughan,Lakisha,f,59,132,2008-10-10
Fletcher,Zella,f,72,168,1944-06-25
Plummer,Santos,m,68,162,1983-09-16
Soto,Bobby,f,59,103,1953-12-03
Blankenship,Rodrigo,m,65,132,2000-01-26
Justice,Stella,f,58,111,1981-07-31
Robertson,Jeffery,m,61,106,1944-08-03
Ivey,Lori,f,68,131,1979-03-26
Forbes,Jefferson,m,68,162,1968-10-08
Boyd,Carlene,f,60,132,1947-01-05
Shaffer,Vida,f,59,112,2008-07-07
Walters,Candy,f,65,136,1974-01-30
Delaney,Savannah,f,63,135,1952-11-27
Fox,Rachel,f,63,139,1996-10-13
Rowe,Allan,m,58,102,1940-12-05
Holloway,Sheena,f,70,137,1965-06-29
Swain,Terrie,f,68,159,1954-12-22
Kim,Berta,f,70,161,1954-10-20
Dudley,Jim,m,60,121,2000-04-12
Guzman,Nan,f,70,154,1962-12-13
Hester,Nannie,f,70,154,1990-12-11
Simmons,Stefanie,f,67,137,1958-05-15
Shields,Ione,f,68,152,2000-05-08
Cooke,Lilian,f,68,147,2013-07-11
Mcguire,Dora,f,63,129,1953-06-11
Bowman,Rodrigo,m,65,132,1977-02-10
Cross,Floyd,m,64,132,1997-05-18
Marquez,Collin,m,65,126,1998-01-25
Boucher,Adan,m,69,146,1970-07-04
Park,Julius,m,68,135,1971-06-12
Aguirre,Renita,f,64,134,1951-09-28
Wills,Jeannette,f,65,148,1995-10-14
Witt,Lane,m,68,142,1977-01-21
Hoffman,Scot,m,64,136,2004-12-16
Dean,Natasha,f,66,128,1953-02-09
Sheppard,Lora,f,63,142,2001-08-27
Merritt,Tanisha,f,72,154,2011-09-28
Watkins,Cecil,m,68,146,2001-05-25
Good,Raleigh,m,65,141,1962-05-28
Flores,Jamaal,m,71,156,1964-11-30
Nieves,Lila,f,63,126,1993-09-24
Nielsen,Hal,m,59,105,1974-12-17
Farris,Jamie,m,61,132,1960-03-07
Yoder,Russel,m,66,121,1970-10-02
Cleveland,Eddie,m,59,119,1947-02-18
King,Adeline,f,63,130,2002-01-10
Johns,Kent,m,58,121,1962-06-21
Mckee,Alice,f,67,142,1946-07-18
Rojas,Merle,f,68,153,1954-01-07
Sweeney,Abraham,m,67,138,1995-06-10
Goff,Asa,m,66,128,1976-03-07
Ewing,Cole,m,58,105,1976-06-07
Garrison,Caitlin,f,61,109,1962-02-26
Parker,Agnes,f,69,137,2007-06-27
Hill,Shauna,f,58,106,1941-01-18
Alexander,Francesco,m,61,110,1957-10-18
Maloney,Joyce,f,60,120,2006-09-07
Hamilton,Maurice,m,65,125,1969-03-29
Stout,Elijah,m,71,167,2005-07-15
Hurst,Willie,f,71,137,1990-11-08
Ray,Wilda,f,69,160,1957-06-23
Hurley,Celina,f,67,140,2009-05-11
Perez,Trinidad,m,61,130,1970-08-06
Fischer,Colin,m,70,169,1977-08-07
Mobley,Elva,f,65,144,1970-01-24
Mcginnis,Claudine,f,62,143,1995-07-27
Leach,Sal,m,66,153,2006-04-30
Welsh,Amy,f,71,139,1959-03-25
Chang,Lina,f,65,134,2013-08-05
Gross,Joel,m,62,143,1969-07-29
West,Hal,m,59,105,1966-12-03
Carey,Carey,m,61,116,2010-02-01
Rich,Carolyn,f,58,113,1982-03-03
Randolph,Cody,m,62,109,1940-12-30
Garza,Emma,f,61,115,1972-09-23
Stanton,Ashleigh,f,68,135,1956-07-01
Sparks,Alvina,f,63,113,1942-10-14
Frazier,Lenore,f,61,108,1944-01-04
George,Wesley,m,69,159,1989-01-25
Fitzgerald,Darron,m,71,149,1961-02-02
Ruiz,Milton,m,71,173,1947-08-09
Melendez,Lindsey,f,71,139,2001-05-16
Grady,Murray,m,59,107,2013-10-26
Peck,Joesph,m,68,164,1963-03-02
Austin,Edwina,f,71,153,1980-08-25
Nicholson,Lorraine,f,63,142,1960-10-05
Davies,Eliseo,m,69,131,1988-06-18
Childs,Larry,m,68,132,1942-06-29
Hyde,August,m,59,114,1981-02-19
Dodd,Celestine,f,60,112,1949-01-11
Moody,Demetria,f,70,149,1994-03-25
Foley,Selma,f,72,167,1973-03-22
Joseph,Cyrus,m,62,128,1967-05-19
Mcdaniel,Kara,f,64,134,1960-08-26
Solomon,Yolanda,f,62,136,2001-01-16
Mckay,Alyce,f,59,119,1996-10-18
Crawford,Rocio,f,62,126,1955-10-21
Oneal,Nanette,f,69,168,1940-07-19
Poole,Noreen,f,59,110,2002-12-13
Numbers,Lilly,f,72,143,2003-08-16
Hinton,Domenic,m,58,121,1975-04-12
Hewitt,Charlotte,f,63,132,1990-12-18
Orr,Rickey,m,60,110,1973-11-21
Dixon,Vickie,f,65,126,1979-11-27
Wolf,Erasmo,m,60,118,1957-04-11
Ervin,Walter,m,66,150,1981-11-18
Friedman,Candy,f,65,136,1993-04-17
Todd,Jeffery,m,61,106,2013-04-13
Hoover,Emil,m,68,151,1982-05-22
Hutchins,Audrey,f,67,163,2011-12-09
Hamilton,Hershel,m,65,118,1986-09-15
Travis,Domenic,m,58,121,2010-05-14
Faulkner,Loretta,f,59,105,1974-05-04
Harden,Henrietta,f,70,148,1962-02-02
Wilcox,Bridgett,f,63,114,1959-02-09
Wilkerson,Mario,m,72,162,1987-02-02
Greer,Chelsea,f,59,131,1999-04-16
Savage,Gina,f,70,142,2014-03-17
Hewitt,Marvin,m,70,165,1953-11-03
Maynard,Abdul,m,69,146,1959-04-01
Callahan,Brittney,f,71,136,1966-05-02
Serrano,Rickey,m,60,110,1957-01-19
Burris,Wesley,m,69,159,1940-04-06
Corbett,Claudio,m,69,156,1953-11-17
Moran,Augustine,m,65,128,1985-08-26
Lockhart,Armando,m,59,104,2009-09-19
Galloway,Colleen,f,63,114,1992-04-04
Forbes,Sheldon,m,71,157,1943-12-24
Salinas,Rodney,m,65,121,1945-02-27
Mayer,Eliza,f,66,122,2004-04-23
Mcdaniel,Amelia,f,68,146,1957-05-06
Goff,Lela,f,60,119,1975-10-03
Hubbard,Christian,f,62,123,1942-07-06
Spears,Eleanor,f,62,122,2011-04-19
Roy,Cathrine,f,64,150,2008-08-22
Heath,Frieda,f,72,148,1957-05-18
Payne,Mason,m,64,114,1952-02-21
Rangel,Meagan,f,70,155,1963-03-17
Thornton,Vicki,f,65,136,1955-08-16
Ponce,Alan,m,67,155,1988-11-13
Starr,Woodrow,m,68,136,1992-10-21
Houston,Phoebe,f,63,113,1998-06-25
West,Fletcher,m,60,133,1974-03-27
Lane,Francis,f,70,162,1973-06-23
Dominguez,Carey,f,67,126,2012-07-03
Strong,Jimmie,f,66,120,2003-04-15
Wiggins,Goldie,f,68,146,1996-03-15
Barron,Racheal,f,61,112,1940-06-17
Green,Marcellus,m,69,165,1944-03-08
Tatum,Herschel,m,70,160,1941-11-23
Clay,Sid,m,63,126,1996-05-14
Matthews,Orville,m,61,126,2009-03-27
Turner,Candida,f,64,133,2008-12-24
Stevens,Jesus,m,67,125,1971-06-21
Sweet,Lucius,m,60,115,2014-10-05
Robinson,Cedric,m,62,119,2000-07-19
Orozco,Elisa,f,58,118,2011-03-23
Collier,Zane,m,66,142,1989-05-28
Whitehead,Omer,m,58,107,1957-04-09
Strickland,Edith,f,72,142,1956-06-21
Rodriquez,Valarie,f,63,115,1983-09-14
Akers,Randal,m,62,123,1952-04-27
Franco,Patti,f,66,126,2014-07-27
Nelson,Kelsey,f,63,120,2005-03-25
Harrell,Wallace,m,64,123,1970-08-31
Gallegos,Mikel,m,71,136,2013-06-07
Duffy,Orville,m,61,126,1996-09-01
Burris,Joan,f,62,137,1949-05-05
Corbett,Kathi,f,69,165,1989-10-05
Cain,Carmel,f,67,136,1941-09-11
Gore,Fernando,m,67,128,1993-10-02
Barron,Tyson,m,61,110,1967-10-30
Marshall,Daren,m,67,139,1960-06-18
Cox,Boyce,m,71,136,1971-03-07
Gonzales,Agatha,f,66,146,2005-04-24
Rouse,Leonor,f,61,115,1950-07-20
Yoder,Antonio,m,62,139,1975-04-25
Doyle,Hilario,m,72,155,1980-06-03
Nielsen,Nilda,f,66,141,1949-12-27
Woods,Clifford,m,70,156,1940-05-18
Watkins,Alan,m,67,155,1993-04-27
Leonard,Oma,f,66,157,2011-05-13
Patton,Queen,f,64,144,2002-09-03
Stokes,Alejandra,f,64,138,1969-03-21
Santana,Alonso,m,60,125,2002-10-14
Ayala,Deangelo,m,58,115,1998-03-11
Eldridge,Kristopher,m,68,159,1997-03-10
Singleton,Nola,f,66,130,1995-11-09
Conley,Robbie,m,59,118,1989-05-08
Johnston,Millard,m,60,113,1944-06-15
Ayers,Grace,f,62,123,1978-04-11
Harden,Ahmed,m,63,115,2007-07-13
Dorsey,Gail,m,62,140,1947-12-03
House,Leonard,m,71,142,1973-03-05
Moss,Eva,f,63,134,1975-11-19
Wood,Shane,m,72,138,1980-06-02
Tran,Preston,m,71,151,1969-11-16
Lester,Rex,m,67,127,1967-09-27
Dunbar,Johnny,m,72,159,1998-07-19
Grady,Lincoln,m,72,149,2010-03-05
Norman,Kathie,f,59,112,1957-11-02
Lowery,Burt,m,66,156,1992-03-13
Elmore,Judith,f,70,135,1999-02-18
Mccann,Mona,f,58,109,2012-04-26
Murray,Lilly,f,72,143,1964-11-23
Cook,Maude,f,64,151,2002-01-04
Houston,Chrystal,f,63,139,1969-04-10
Koch,Shellie,f,58,118,1964-12-14
Robles,Forrest,m,69,150,2012-06-21
Webber,Jake,m,66,129,1985-10-25
Bacon,Tamera,f,62,137,1943-09-07
Hardy,Coy,m,72,161,1970-09-19
Caldwell,Tricia,f,62,139,1950-07-27
Duffy,Aisha,f,65,133,1975-08-10
Mosley,Michael,f,68,160,2007-12-11
Mcgowan,Emmitt,m,69,153,2006-07-08
Russell,Julianne,f,69,134,1997-04-27
Holloway,Hollis,m,58,124,1993-06-12
Leonard,Erik,m,65,151,1986-01-29
Krueger,Tobias,m,62,128,1990-07-07
Fernandez,Valerie,f,69,144,1957-07-29
Ross,Elvia,f,66,120,2008-12-07
Mayer,Emanuel,m,59,120,1977-12-14
Petersen,Vern,m,61,126,2004-07-08
Kane,Josh,m,63,133,1995-11-27
Booth,Agnes,f,69,137,1960-12-25
Zuniga,Cornelius,m,65,142,1985-05-26
Lewis,Clifford,m,70,156,1993-10-18
Barnett,Brady,m,69,149,1941-04-10
Vazquez,Arleen,f,68,167,1988-05-20
Clements,Herman,m,68,136,1945-04-02
Clayton,Stacy,f,72,166,1961-03-30
Barlow,Louella,f,63,139,1974-07-17
Walter,Maude,f,64,151,1982-04-12
Gutierrez,Jennifer,f,65,117,1949-06-15
Riddle,Lon,m,58,125,1951-02-09
Russell,Gay,f,61,139,1941-12-02
Avila,Elva,f,65,144,1946-10-20
Goldstein,Vilma,f,59,107,1953-08-25
Gamble,Dewayne,m,68,145,1978-12-19
Moser,Parker,m,61,113,1959-05-23
Ponce,Elisa,f,58,118,1969-03-08
Broussard,Hai,m,65,153,2005-05-26
Sawyer,Donny,m,61,107,1944-08-29
Kent,Elvira,f,64,120,1961-06-18
Bridges,Earlene,f,61,132,1984-10-04
Gross,Donnell,m,72,177,1966-01-05
Avila,Adam,m,58,103,1942-11-21
Bland,Nichole,f,66,128,1948-07-26
Yoder,Delmer,m,67,140,2014-12-28
Poole,Annabelle,f,64,133,1974-08-14
Mcdaniel,Isabelle,f,72,166,1942-09-08
Werner,Madelyn,f,71,165,1951-01-21
Osborn,Wilton,m,70,155,1990-08-25
Ratliff,Alyson,f,60,133,1988-10-19
Stout,Mavis,f,72,142,1951-09-29
Woodruff,Esther,f,64,149,1958-07-04
Stone,Alexandra,f,62,138,1966-08-28
Stein,Ilene,f,58,104,2006-01-21
Mcgowan,Rochelle,f,60,120,1972-05-12
Guy,Nicky,m,72,151,1999-08-13
Glover,Tracy,m,69,140,1969-10-28
Olsen,Jerrell,m,71,163,1942-08-14
Duke,Renae,f,70,140,1998-08-28
Bryant,Roscoe,m,67,129,1998-09-06
Kimball,Eula,f,70,160,2007-09-04
Glass,Katrina,f,58,122,1977-12-17
Head,Dottie,f,72,154,1968-06-05
Oliver,Josie,f,65,127,1969-07-16
Rutledge,Arlen,m,62,115,1956-06-19
Numbers,Kris,f,69,153,1965-05-02
Mayfield,Concetta,f,70,134,2005-01-03
Delarosa,Alva,m,69,170,1948-10-19
Avery,Wade,m,70,157,1942-10-09
Beach,Shelia,f,71,137,1977-11-07
Winters,Christian,m,61,116,2009-02-16
Gentry,Chuck,m,60,104,1949-10-19
Salas,Rosalia,f,59,109,1960-01-12
Dudley,Alberta,f,67,152,2013-10-13
Vazquez,Loren,m,61,121,1979-02-14
Day,Erick,m,65,147,1978-08-14
Golden,Heidi,f,61,112,1986-03-24
Johns,Chantel,f,58,123,1952-05-17
Hodge,Marquita,f,70,137,2001-02-23
Cline,Mariana,f,58,113,1977-07-21
Howe,Sandi,f,58,103,2008-06-26
Vang,Colton,m,62,120,1975-07-18
Moody,Tania,f,71,162,1964-04-20
Black,Birdie,f,61,107,1953-08-23
Mcgowan,Dollie,f,58,111,2007-07-19
Espinoza,Heidi,f,61,112,1974-07-05
Hartley,Retha,f,63,144,1958-07-15
Davis,Kerri,f,61,133,1951-03-12
Welch,Bettie,f,61,114,2004-05-02
Rutherford,Bobby,m,60,132,1967-12-29
Walter,Benedict,m,68,162,2002-08-07
Dean,Lauri,f,60,116,1964-03-07
Moss,Chantel,f,58,123,1969-09-01
Mcknight,Josie,f,65,127,1947-04-10
Palmer,Man,m,71,162,2002-12-29
Landry,Kelsey,f,63,120,1954-02-24
Moyer,Myron,m,59,106,1991-05-13
Black,Lelia,f,68,140,2000-09-24
Haynes,Brianne,f,68,143,2013-12-13
Todd,Madelyn,f,71,165,2007-02-16
Randolph,Madonna,f,67,145,1984-04-20
Keller,Marion,f,65,151,2007-12-24
Preston,Mattie,f,70,140,1988-10-07
Warner,Cliff,m,62,143,1949-10-26
Ellison,Mellissa,f,70,160,1963-02-22
Tanner,Lola,f,65,138,1973-02-12
Owens,Vernice,f,67,147,1958-02-12
Polk,Mindy,f,71,138,1995-06-24
Kirkpatrick,Lillian,f,67,163,1980-10-09
Contreras,Ronda,f,66,139,1940-10-12
Rodgers,Stanley,m,66,149,1998-11-13
Larson,Coy,m,72,161,1982-09-20
Ewing,Mitchell,m,66,130,1980-04-26
Stein,Leslie,m,62,117,1942-10-15
Bauer,Cristina,f,69,168,1959-11-14
Quinones,Terrance,m,64,142,1961-10-27
Kendrick,Cory,m,66,136,1974-03-02
Powell,Phillis,f,69,150,1951-12-13
Shannon,Dennis,m,59,112,1994-09-15
Kendall,Freddie,m,59,121,2009-10-25
Oconnell,Lidia,f,59,106,1958-05-14
Galvan,Anastasia,f,68,128,1998-03-26
Sweet,Jerrold,m,63,111,1955-04-14
Villa,Leticia,f,62,111,1951-01-25
Morales,Ester,f,59,106,1943-05-13
Oneal,Ora,f,61,124,1963-06-06
Meyers,Elisha,f,63,146,1963-11-10
Gillespie,Rosetta,f,58,115,1946-09-06
Briggs,Angelo,m,72,154,1951-06-09
Stafford,Leigh,f,59,114,1968-11-03
Robles,Quincy,m,61,140,2005-06-21
Boyle,Morton,m,64,123,2011-02-03
Villanueva,Diego,m,67,150,1959-05-10
Diaz,Judson,m,61,137,1993-02-21
Howe,Helene,f,69,167,1961-02-24
Vasquez,Bernard,m,66,148,1954-10-12
Mcclure,Young,m,71,172,1982-07-04
Greene,Lucas,m,59,108,1990-11-20
Rush,Brett,m,66,151,2012-01-24
Norman,Hilario,m,72,155,1948-10-03
Lugo,Lauren,f,59,110,1961-06-02
Thornton,Abraham,m,67,138,1958-03-24
Small,Gretchen,f,61,107,1958-08-02
Simmons,Maria,m,68,165,1976-12-28
Crane,Donald,m,62,134,1995-07-21
Higgins,Vito,m,66,133,2004-11-01
Yates,Clifton,m,69,155,2006-04-22
Gates,Jeremiah,m,62,110,2009-08-07
Ayers,Meagan,f,70,155,1960-08-23
Katz,Georgina,f,70,133,1947-10-17
Suarez,Kristie,f,69,159,1967-01-23
Long,Herbert,m,66,139,2002-10-27
Moore,Belle,f,66,143,1955-08-13
Peters,Stuart,m,65,151,1959-08-27
Norris,Magdalena,f,67,157,1996-09-04
Pittman,Ivette,f,58,107,1964-10-12
Haney,Dianne,f,69,161,1960-03-29
Childers,Roxanna,f,72,175,2010-01-17
Mccray,Gale,f,59,106,2005-11-24
Winters,Bryant,m,63,140,1945-05-15
Ballard,Sheri,f,61,108,1948-05-22
Villarreal,Leslie,f,63,137,2010-02-23
Duncan,Ma,f,66,123,1993-12-03
Herrera,Gabriela,f,62,143,1995-09-25
Copeland,Lyle,m,64,139,1971-09-26
Black,Harris,m,70,154,1947-08-23
Herrera,Robin,f,70,140,1997-07-17
Godfrey,Danette,f,66,155,1967-09-01
Meeks,Tawana,f,64,145,1979-02-10
Fuller,Blaine,o,58,121,1959-03-22
Mercer,Marcos,m,69,132,1977-10-27
French,Landon,m,72,155,2001-03-27
Carter,Rosanne,f,72,157,1967-09-01
Holman,Agatha,f,66,146,1981-06-20
Good,Josefina,f,64,120,2002-07-09
Ware,Fletcher,m,60,133,2010-11-02
Blue,Alana,f,69,133,1955-08-06
Elliott,Leif,m,68,147,1985-05-17
Werner,Hector,m,61,111,1963-07-11
Wilcox,Bessie,f,68,164,2009-03-28
Robertson,Elmo,m,60,109,1948-09-22
Clifton,Shannon,m,64,138,1942-09-27
Ratliff,Lorena,f,66,144,1984-05-19
Lowery,Brandi,f,58,116,1953-07-25
Chamberlain,Willa,f,71,138,1988-01-29
Lamb,Ophelia,f,65,128,1949-07-10
Gregg,Forest,m,64,122,1951-11-27
Mcfadden,Richie,m,68,166,2000-03-15
Robinson,Jeffrey,m,62,140,2009-04-21
Bonner,Lucas,m,59,108,1954-07-03
Werner,Abe,m,63,111,1966-07-16
Valdez,Stacy,f,72,166,1950-05-05
Novak,Corey,m,71,163,1973-12-23
Beach,Ed,m,70,139,1986-01-26
Leblanc,Heriberto,m,72,154,1958-07-27
Rowe,Rashad,m,67,151,1996-10-20
Ramos,Frances,f,72,159,1947-05-26
Bergeron,Mario,m,72,162,1957-05-30
Gore,Rodger,m,66,142,1978-08-08
York,Lorie,f,70,163,1945-08-14
Bean,Heather,f,70,161,2002-01-05
Hampton,Ines,f,60,111,1965-11-05
Huber,Ronnie,m,61,130,1959-05-27
Everett,Nadine,f,63,127,1982-06-13
Ivey,Antoinette,f,61,118,1951-05-12
Shepard,Santo,m,59,132,1964-09-17
Kirkpatrick,Jere,m,62,108,1960-11-07
Kaufman,Adrianne,f,71,161,1940-02-02
Zimmerman,Sandra,f,69,144,1959-11-09
Steward,Fredrick,m,70,166,2003-12-10
Griffin,Jackie,f,60,120,2001-05-24
Perry,Valarie,f,63,115,1973-11-11
Lam,Lauren,m,68,158,1957-01-16
Olsen,Jonas,m,62,117,1967-12-18
Burns,Verna,f,59,124,1949-11-27
Barlow,Donovan,m,65,146,1943-03-06
Gibson,Maxine,f,70,137,1994-05-01
Cooke,Hilton,m,58,110,1969-01-11
Albert,Foster,m,66,144,1963-09-03
Ortega,Gino,m,70,166,1984-08-08
Simmons,Vernice,f,67,147,1957-01-19
Benton,Hector,m,61,111,1999-09-25
Johnson,Maura,f,59,128,1959-10-05
Kidd,Daisy,f,72,138,1985-06-17
Mccarthy,Lenard,m,72,179,1942-04-24
Mathis,Bobbie,f,66,157,1973-11-15
Horne,Dana,o,65,125,1963-07-04
Osborn,Von,m,63,117,1952-05-07
Hart,Sandy,f,63,144,2010-12-19
Campos,Anthony,m,63,132,1986-02-22
Gallegos,Roberta,f,67,158,2002-08-14
Romero,Joanne,f,68,153,1944-08-04
Sykes,Korey,m,68,144,1943-09-25
Britt,Sydney,m,62,132,1996-10-07
Rodgers,John,m,68,133,1977-01-06
Hull,Brendon,m,66,133,1951-03-01
Montgomery,Frederick,m,65,152,1988-09-24
Randolph,Jacquelyn,f,71,167,1942-08-04
Hewitt,Kerry,m,72,139,1979-09-26
Harrell,Walter,m,66,150,1985-07-31
Conway,Kennith,m,63,138,1980-03-19
Walter,Lidia,f,59,106,1961-10-06
Fry,Janette,f,71,137,1947-08-31
Newell,Dillon,m,68,137,1958-08-16
Heard,Jesse,m,71,138,1993-08-27
Gould,Ariel,m,68,164,1977-07-05
Rosario,Ella,f,65,144,2011-11-08
Waller,Enrique,m,58,114,1946-04-01
Barber,Eleanor,f,62,122,2004-03-16
Ayala,Reina,f,72,160,1971-05-28
Blackwell,Trudy,f,61,129,2000-04-11
Carr,Marta,f,61,127,1967-07-09
Lozano,Kristopher,m,68,159,1976-08-28
Watts,Gayle,f,72,160,2002-04-02
Parks,Terrence,m,59,127,1963-09-03
Bowers,Pierre,m,72,150,1952-09-23
Freeman,Hal,m,59,105,1953-10-29
Baker,Lawanda,f,65,122,1992-07-10
Cantrell,Johanna,f,64,129,2010-06-27
Oneal,Hobert,m,64,127,1984-07-02
Mccall,Rochelle,f,60,120,1982-05-09
Colon,Tammi,f,71,161,1953-08-16
Schmidt,Martina,f,65,134,1982-06-04
Moran,Carrol,m,63,142,2006-02-01
Massey,Leta,f,63,130,2005-03-31
Hardy,Jeanna,f,69,146,1993-09-19
Gray,Doreen,f,61,122,1963-07-22
David,Isreal,m,63,132,2002-03-20
Swanson,Emmitt,m,69,153,1944-04-21
Delacruz,Leticia,f,62,111,1946-11-13
Boone,Oralia,f,66,131,1940-01-04
Schultz,Mohamed,m,62,127,1992-03-10
Baxter,Sheldon,m,71,157,1991-06-22
Hess,Jamey,m,59,124,1987-04-16
Bowen,Elvia,f,66,120,2005-11-22
Fuentes,Letha,f,72,156,1981-08-27
Aguilar,Charlie,f,58,113,1940-09-15
Jacobson,Timothy,m,67,141,2013-10-20
Barlow,Caleb,m,68,160,1979-10-01
Mullins,Felton,m,61,107,2009-12-20
Rice,Len,m,59,118,2009-06-01
Cochran,Virgie,f,72,148,1978-07-08
Jackson,Woodrow,m,68,136,1992-12-18
Elmore,Virgina,f,65,139,2009-06-12
Winters,Hayden,m,58,106,1976-07-21
Velez,Deana,f,60,107,1966-10-31
Dodson,Drew,m,67,129,1991-05-07
Bowen,Darwin,m,68,167,1962-05-13
Rivers,Leila,f,69,151,1976-03-02
Ewing,Aldo,m,61,127,1959-06-23
Compton,Margarito,m,68,165,1974-10-15
Mack,Eunice,f,62,126,1999-06-26
Quinn,Delphine,f,72,172,1961-02-07
Gordon,Mona,f,58,109,1996-10-22
Ware,Yolanda,f,62,136,1981-04-09
Hutchinson,Daren,m,67,139,1941-11-05
Crum,Juliana,f,64,125,2011-04-04
Hughes,Renee,f,60,112,1973-07-17
Gonzales,Dane,m,72,148,1948-10-10
Gonzales,Sallie,f,59,103,1991-01-03
Graham,Dan,m,67,158,1994-03-13
Salinas,Shelley,f,61,132,1985-02-17
Mata,Bernardo,m,61,137,1973-03-20
Beard,Sue,f,62,111,1982-02-14
Guerrero,Chadwick,m,72,167,2007-06-30
Harrington,Kurt,m,62,114,2001-08-12
Smith,Deon,m,67,137,2003-08-07
Franco,Stan,m,64,147,1987-10-29
Butts,Robbie,f,59,109,1991-03-15
Kelley,Reuben,m,61,135,1990-02-23
Mayfield,Jamie,f,60,137,1941-08-26
Wolfe,Marquita,f,70,137,1958-07-12
Bruce,Trey,m,72,140,1957-04-08
Aguilar,Les,m,58,131,1957-07-31
Riley,Greg,m,67,140,1986-06-08
Ramsey,August,m,59,114,1958-12-20
Gentry,Shirley,m,62,123,1962-11-22
Davis,Michele,f,62,134,1947-02-11
Burke,Alvin,m,63,136,2002-03-28
Phelps,Justine,f,71,139,1980-03-30
Johnson,Catrina,f,65,150,1978-11-15
Page,Rosalind,f,68,158,1996-01-25
Whaley,Ezra,m,64,144,1979-09-26
Medina,Blanche,f,70,149,2002-12-13
Huffman,Janette,f,71,137,1951-11-16
Hooper,Ruthie,f,71,137,1999-11-20
Armstrong,Tina,f,71,141,1981-04-26
Novak,Brett,m,66,151,1958-03-18
Stevenson,Estelle,f,63,111,1963-08-10
Dougherty,Gaston,m,67,124,1989-03-22
Boyer,Raymon,m,70,167,1949-07-19
Akers,Eugenia,f,67,156,2011-06-17
Travis,Vivian,f,58,111,2007-11-30
Beck,Amelia,f,68,146,1978-06-03
Valentine,Lacy,f,65,152,1987-11-07
Yang,Jannie,f,63,111,1962-03-25
Galvan,Millie,f,65,128,1957-10-05
Conrad,Leanne,f,58,130,1984-05-24
Bunch,Wilburn,m,63,137,1945-08-13
Yarbrough,Madelyn,f,71,165,1961-04-02
Clements,Breanna,f,62,131,1971-09-15
Coffey,Lavern,m,65,153,1999-12-28
Blair,Laurel,f,63,144,1948-02-07
Newsome,Charlotte,f,63,132,1949-08-12
Joyner,Terence,m,70,150,1993-07-24
Kirkland,Frances,m,71,146,1960-03-11
Barnett,Ingrid,f,72,179,1974-10-10
Woods,Diane,f,60,131,1964-05-14
Crawford,Ines,f,60,111,1978-09-11
Childers,Conrad,m,62,140,2014-07-23
Byrd,Marina,f,70,136,1963-10-23
Conrad,Imelda,f,71,162,1962-12-12
Cooper,Geraldine,f,67,147,2014-04-09
Cooke,Chasity,f,70,149,1980-03-13
Walls,Danilo,m,60,130,1949-06-25
Stafford,Judi,f,60,126,1982-12-09
Stein,Jennifer,f,65,117,1995-06-26
Sandoval,Nigel,m,64,128,1960-11-09
Clements,Emma,f,61,115,1996-02-28
Simmons,Eldon,m,70,151,1979-09-18
Whitley,Gus,m,58,113,2008-12-06
Rosa,Benny,m,65,134,1945-03-01
Day,Victoria,f,62,125,1998-01-03
Spence,Errol,m,66,141,2005-02-14
Rubio,Doretha,f,66,127,1944-08-24
Winter,Rosalee,f,63,143,1987-05-17
Dodson,Rudolph,m,67,158,1974-03-17
Bullock,Gary,m,61,120,1977-01-28
Hopper,Felix,m,58,120,1959-12-14
Webster,Jasper,m,65,142,1973-06-08
Head,Fannie,f,72,165,1942-12-11
Walden,Reggie,m,69,130,1951-06-17
Field,Jacqueline,f,65,132,1979-08-04
Valentine,Taryn,f,60,113,2007-05-23
Woods,Ward,m,60,124,1955-03-13
Padilla,Bradford,m,69,157,1989-02-28
Phelps,Sheena,f,70,137,1947-12-23
Franks,Eloisa,f,65,149,1992-10-22
Collier,Tuan,m,62,111,1984-04-27
Franks,Shawn,f,68,137,2011-05-07
Herbert,Bobby,m,60,132,2002-08-31
Godfrey,Hosea,m,58,122,1973-05-17
Burks,Bertie,f,61,136,2000-10-16
Andrade,Pablo,m,72,177,1967-12-11
Stein,Cheryl,f,60,136,1994-06-27
Moyer,Lorena,f,66,144,1946-06-29
Bridges,Graham,m,68,164,1941-08-29
Gomez,Doretha,f,66,127,1942-05-16
Grace,Gerard,m,59,111,1947-01-31
Larson,Lorena,f,66,144,1966-05-11
Collins,Alonzo,m,59,125,1987-10-26
Perez,Bennie,m,67,131,1963-10-17
Franklin,Vito,m,66,133,2008-08-21
Hopper,Ellie,f,72,143,1992-12-08
Saunders,Maya,f,60,111,2001-04-16
Ayers,Susanna,f,67,123,1962-07-06
Mckay,Ellsworth,m,58,116,1973-03-11
Hooper,Adrian,f,62,121,2013-08-04
Chen,Mel,m,69,159,1994-07-27
Mullins,Loretta,f,59,105,1999-12-26
Crabtree,Cesar,m,65,121,1961-10-01
Beach,Jarod,m,63,121,1955-04-25
White,Herb,m,70,149,1977-09-05
Mccann,Garth,m,59,104,1945-11-29
Harper,Darius,m,70,169,2014-06-04
Burt,Josie,f,65,127,1991-02-27
Stanton,Billie,f,61,138,1991-02-03
Wang,Jacinto,m,71,160,1997-12-02
Wills,Robbin,f,64,139,1976-11-11
Poole,Erna,f,69,140,1989-12-07
Stewart,Craig,m,71,163,1941-05-01
Carver,Marcy,f,70,148,1992-10-17
Stanton,Gabriela,f,62,143,2006-06-16
Carlson,Merrill,m,60,123,1953-06-25
Phillips,Jacques,m,71,173,1999-11-20
Hilton,Andreas,m,71,153,1999-05-01
Robles,Noble,m,70,161,1961-06-14
Lawrence,Cherie,f,60,120,1955-03-08
Stein,Randal,m,62,123,2008-06-09
Whitney,Rickie,m,69,150,2012-09-06
Mora,John,f,61,117,1972-07-05
Thompson,Santiago,m,58,117,1987-05-22
Adams,Moses,m,59,118,1980-06-17
Huffman,Tiffany,f,58,111,1970-01-31
Hinton,Mary,f,59,130,1998-01-31
Heard,Ella,f,65,144,1964-10-17
Sweet,Gus,m,58,113,1992-05-05
Best,Milton,m,71,173,2003-06-17
Booker,Eve,f,70,139,1961-03-05
Vazquez,Kristie,f,69,159,1953-08-16
Morin,Carole,f,58,124,1956-09-14
Slaughter,Elmo,m,60,109,1944-04-24
Ruiz,Anton,m,68,131,1970-04-12
Rutherford,Albert,m,59,116,1997-09-01
English,Domenic,m,58,121,1957-04-22
Santiago,Verda,f,62,126,2001-07-28
Acosta,Rena,f,60,128,2010-05-21
Maynard,Paulette,f,66,145,1947-06-11
Valdez,Kenya,f,58,110,1958-02-18
Trevino,Hollis,m,58,124,1971-12-24
Crum,Kristopher,m,68,159,1974-10-21
Johnston,Glenna,f,65,140,1995-06-27
Alston,Aldo,m,61,127,1953-05-20
Byers,Germaine,f,62,126,1962-07-01
Gorman,Lane,m,68,142,2007-12-14
Russell,Lorri,f,58,111,1948-11-11
Cunningham,Deandre,m,58,102,1948-09-29
Mcguire,Von,m,63,117,1982-01-15
Finch,Morton,m,64,123,1981-11-04
Mclaughlin,Waldo,m,69,154,1971-10-20
Moser,Gaylord,m,58,116,1997-05-18
Butts,Shelby,m,60,105,1992-08-24
Shafer,Anna,f,58,118,1949-03-28
Henderson,Phyllis,f,64,114,1995-09-12
Wynn,Gwendolyn,f,65,144,1984-08-06
Hebert,Wesley,m,69,159,2004-07-22
Washington,Tyler,m,58,112,1983-07-29
Small,Angela,f,59,119,1985-07-18
Felix,Gerry,m,62,131,1943-11-15
Hernandez,Josie,f,65,127,2006-07-06
Tyson,Lucille,f,69,149,1962-10-03
Moss,Delma,f,58,109,1976-06-07
Knapp,Cristina,f,69,168,1985-11-17
Bunch,Etta,f,70,166,1998-08-06
Solis,Gregorio,m,62,136,2004-10-13
Braun,Loren,m,61,121,1964-03-28
Hall,Aurora,f,71,164,1978-12-28
Pryor,Korey,m,68,144,2004-02-15
Ochoa,Christopher,m,67,126,1980-09-28
Atkins,Whitney,f,67,138,1990-08-25
Bowen,Delma,f,58,109,1945-10-28
Perry,Fernando,m,67,128,1985-03-08
Mahoney,Earlene,f,61,132,2012-07-21
Pagan,Sam,m,58,113,2013-10-10
Velasquez,Alphonse,m,66,123,2003-06-25
Connor,Pattie,f,66,152,1979-02-18
Houston,Lora,f,63,142,1966-05-07
Roberson,Alexandra,f,62,138,2004-11-20
Mcfarland,Chi,m,71,143,1942-08-19
English,Tori,f,60,128,1975-11-27
Wright,Wayne,m,64,115,1962-09-07
Hodge,Terri,f,60,119,2012-11-04
Griffin,Adalberto,m,68,129,1983-01-21
Rivera,Lillian,f,67,163,1964-05-24
Herring,Franklyn,m,69,145,1963-02-16
Leblanc,Alexis,f,65,135,2009-01-24
Archer,Liliana,f,64,148,2011-03-03
Clarke,Noble,m,70,161,2011-02-23
Ponce,Cory,m,66,136,1969-10-31
Hendrix,Rene,m,70,156,1992-08-05
Hutchinson,Danielle,f,65,143,2001-11-25
Warren,Joaquin,m,63,128,2001-01-05
Newton,Vilma,f,59,107,2005-11-02
Copeland,Elise,f,69,164,1974-11-05
Ayala,Rhea,f,68,161,1969-02-03
Tatum,Annabelle,f,64,133,1997-11-23
Womack,Angel,m,64,146,1976-04-17
Anderson,Kerry,f,66,149,1999-04-28
Anthony,Warren,m,72,147,1995-08-06
Norris,Jenna,f,61,109,2013-01-08
Powers,Noreen,f,59,110,1977-01-15
Reyna,Eddie,f,61,126,1988-02-17
Oliver,Eddie,m,59,119,1955-08-29
Velazquez,Beatriz,f,67,131,1960-08-27
Forrest,Jamel,m,68,136,1972-03-29
Gray,Maryann,f,69,157,1942-04-19
Haley,Delbert,m,65,141,1942-07-20
Valencia,Charmaine,f,65,122,1960-10-21
Dickerson,Rene,m,70,156,1999-02-26
Mccarty,Millie,f,65,128,2007-10-17
Frazier,Joanne,f,68,153,1974-02-20
Leon,Bert,m,72,154,1972-10-07
Hartley,Edith,f,72,142,2004-07-05
Mack,Jefferson,m,68,162,1968-11-20
Mahoney,Emilie,f,67,151,1968-02-24
Dunn,Nelly,f,68,166,1974-06-11
Todd,Alyson,f,60,133,2001-07-15
Nguyen,Athena,f,61,134,1992-12-31
Vincent,Ahmed,m,63,115,1960-10-30
Boyle,Latanya,f,63,121,2001-04-27
Pagan,Rodrick,m,61,125,1955-06-12
Norton,Roy,m,58,128,2009-10-05
Chapman,Linwood,m,72,164,1953-12-14
Stinson,Chloe,f,61,131,1985-06-24
Magee,Therese,f,63,124,2000-06-21
Ball,Robbie,m,59,118,1986-09-14
Mercado,Royce,m,71,158,1972-02-07
Combs,Noelle,f,68,141,1962-03-26
Bolton,Tisha,f,71,145,1979-11-28
Mobley,Merrill,m,60,123,1996-05-16
Beasley,Milo,m,58,121,1991-10-04
Bowen,Don,m,60,109,1970-04-16
Thomas,Carmine,m,63,115,1942-04-26
Welch,Berta,f,70,161,2005-07-21
Daugherty,Marion,m,71,167,1960-10-28
Cannon,Lela,f,60,119,1980-10-22
Welsh,Zack,m,62,141,2007-05-04
Watkins,Sophie,f,61,117,1995-04-06
Anthony,Sandra,f,69,144,1977-09-21
Guerra,Sasha,f,65,126,2014-10-18
Maxwell,Wes,m,68,156,1983-07-10
Simms,Rosalinda,f,68,148,2006-04-17
Vang,Guillermo,m,68,150,1966-06-06
Sinclair,Daren,m,67,139,1997-07-27
Cervantes,Jerrell,m,71,163,1998-06-15
Nichols,Suzette,f,67,139,2006-05-18
Whaley,Marisela,f,60,113,1969-02-13
Donovan,Tony,m,59,104,1957-04-20
Graves,Arnoldo,m,64,149,1943-02-17
Mayo,Ismael,m,69,154,1977-01-12
Blackwell,Al,m,67,138,1993-07-16
Rankin,Sadie,f,61,111,1986-06-04
Bennett,Rebekah,f,69,168,1946-03-26
Roberson,Elia,f,60,121,1988-03-24
Hinton,Mitchel,m,65,133,1979-01-09
Mata,Nina,f,68,155,1987-10-02
Shea,Donovan,m,65,146,1963-04-20
Caldwell,Faye,f,65,155,2008-05-21
Hester,Debbie,f,60,126,2000-09-05
Good,Devon,f,71,164,1994-08-01
Hooper,Destiny,f,64,147,1987-10-01
Huber,Ronnie,m,61,130,1995-06-13
Manley,Alvin,m,63,136,2003-07-12
Wood,Brandy,f,70,172,1983-11-23
Farmer,Lynn,m,64,129,1981-09-04
Sargent,Clair,m,67,149,1966-06-24
Duffy,Charity,f,63,142,1970-06-22
Franks,Jacquelyn,f,71,167,1946-09-15
Holloway,Bernadette,f,67,132,1946-05-22
Davenport,Dillon,m,68,137,1988-05-25
Gomez,Eldridge,m,58,119,1993-05-08
Avila,Jena,f,65,140,2014-06-14
Juarez,Kristy,f,71,141,1947-10-30
Irwin,Ruthie,f,71,137,1992-11-20
Barron,Jean,f,65,117,2012-12-21
Dominguez,Imogene,f,64,149,1947-05-09
Garner,Mavis,f,72,142,1946-01-04
Tate,Lora,f,63,142,1969-02-18
Stout,Irma,f,72,171,1978-04-23
Dickerson,Danette,f,66,155,1948-08-29
Whaley,Jonas,m,62,117,2014-09-04
Forbes,Tom,m,61,121,2003-06-03
Alford,Trent,m,71,149,1988-02-17
Fox,Catalina,f,58,110,2001-03-11
Cross,Rachael,f,68,160,1968-06-24
George,Cleo,m,67,160,1982-03-25
Rosado,Owen,m,58,123,1963-05-30
Dotson,Myra,f,64,118,1973-02-23
Hendrickson,Gayle,m,63,118,2013-11-25
Bell,Lessie,f,71,138,1979-04-17
Vasquez,Jorge,m,61,139,1990-06-26
Roach,Nathanial,m,65,127,1969-07-16
Medina,Sabrina,f,60,133,1956-09-27
Pace,Pete,m,61,139,1979-01-25
Hahn,Freddie,f,64,121,1973-09-01
Vega,Wally,m,67,133,1969-02-16
Coffman,Lane,m,68,142,1993-06-03
Coleman,Kerry,m,72,139,1965-07-04
Pratt,Ronald,m,68,134,1955-01-07
Mullen,Collin,m,65,126,1955-02-08
Andrade,Lindsey,f,71,139,1942-02-14
Mccabe,Margarito,m,68,165,1951-03-21
Brewer,Danna,f,63,140,2007-12-02
Heath,Pearl,f,70,173,1978-10-01
Tucker,Debora,f,72,153,2013-02-12
Curry,Myrna,f,69,134,1976-11-18
Donahue,Adrianne,f,71,161,1968-07-23
Kaufman,Jan,f,68,138,1983-07-20
Rivas,Thad,m,63,142,1977-10-26
Lehman,Jordan,m,64,124,1997-08-03
Schroeder,Elliot,m,63,112,2014-06-25
Branch,Clara,f,60,132,1949-05-27
Delaney,Yvonne,f,67,129,2000-07-31
Wiggins,Beryl,f,66,144,1955-05-06
Dominguez,Allyson,f,58,112,2013-04-23
Mcintosh,Alexandra,f,62,138,1965-10-14
Dennis,Abdul,m,69,146,2000-08-31
Blanton,Man,m,71,162,2001-10-25
Mcclure,Bertram,m,69,155,1950-07-11
Kim,Stanton,m,59,123,2011-01-15
Spears,Tyron,m,68,131,1940-08-14
Nielsen,Clare,f,62,120,2013-01-02
Brennan,Jamison,m,59,107,1984-04-11
Harding,Abe,m,63,111,1976-01-15
Bergeron,Peter,m,67,130,2013-12-08
Rose,Tessie,f,59,103,2014-01-24
Mendez,Anibal,m,59,116,1963-12-07
Cherry,Isabell,f,63,143,2002-08-21
Conley,Harriet,f,70,132,2005-02-13
Carroll,Leann,f,71,140,1954-03-20
Chandler,Trisha,f,64,135,1963-03-04
Sandoval,Alba,f,58,124,1996-05-17
Meyer,Mara,f,64,124,1959-09-29
Dale,Vickie,f,65,126,1947-06-10
Lee,Whitney,f,67,138,1954-10-30
Flowers,Rosetta,f,58,115,1991-03-01
Shepherd,Arthur,m,68,149,1959-12-21
Burt,Jeffrey,m,62,140,2004-02-14
Holland,Faith,f,70,136,1986-12-02
Reyna,Beau,m,68,154,1977-07-10
Hurley,Elijah,m,71,167,2000-11-03
Wong,Adrianne,f,71,161,1994-08-09
Black,Maurice,m,65,125,1964-04-08
Fields,Tamra,f,58,106,1980-03-25
Salazar,Marcella,f,66,130,2004-08-09
Calhoun,Earnestine,f,59,134,1972-08-06
Hamm,Cora,f,65,145,1962-07-31
Rosario,Kennith,m,63,138,1942-12-14
Schroeder,Otto,m,66,136,1966-03-24
Boone,Carmela,f,67,129,2009-09-26
Schwartz,Luann,f,58,112,1968-01-29
Ballard,Doreen,f,61,122,1973-06-17
Humphrey,Murray,m,59,107,1965-04-16
Nelson,Jules,m,65,122,1983-11-20
Knowles,Rashad,m,67,151,1953-04-20
French,Angela,f,59,119,1988-11-02
Riggs,Cruz,f,65,144,1940-07-10
Walker,Herb,m,70,149,1985-10-02
Boone,Rita,f,61,129,1943-02-27
Peters,Dona,f,70,161,1955-06-06
Johnson,Corina,f,60,136,2008-06-10
Ritter,Nicolas,m,61,122,1958-03-18
Mendez,Jodi,f,58,106,1946-03-06
Neely,Gregg,m,60,131,1991-11-11
Ramos,Ezra,m,64,144,1988-07-28
Hinton,Adolph,m,58,117,1951-08-11
Fox,Patsy,f,70,143,1948-12-10
Nguyen,Tanisha,f,72,154,1957-12-05
Britton,Ezequiel,m,72,150,1983-10-03
Hays,Mohamed,m,62,127,1996-10-05
Luna,Donnie,m,62,116,1976-03-11
Justice,Graham,m,68,164,1984-06-21
Blanton,Billie,f,61,138,1944-09-14
England,Reva,f,67,125,1968-02-08
Hicks,Adelaide,f,71,135,2014-11-23
Locke,Erwin,m,64,123,1972-01-24
Donovan,Alisa,f,66,146,1980-05-23
Stephenson,Katheryn,f,63,141,1977-03-30
Dotson,Joanne,f,68,153,1949-09-21
Shannon,Major,m,65,151,2001-01-24
Tillman,Miranda,f,72,165,1973-09-28
Slater,Rosemarie,f,63,127,1975-04-05
Prince,Migdalia,f,64,117,2010-02-23
Anderson,Leland,m,64,134,1989-10-16
Shafer,Janine,f,72,145,2002-02-15
Harvey,Maryellen,f,67,162,2002-12-16
Obrien,Dana,o,65,125,1992-02-07
Cunningham,Jefferson,m,68,162,1942-04-28
Contreras,Latoya,f,60,113,2006-06-22
Lucas,Dana,o,65,125,1960-03-30
Frazier,Debra,f,70,159,1981-06-09
Barron,Lavern,m,65,153,1959-10-18
Gonzalez,Britt,m,68,130,1952-05-22
David,Jennie,f,63,147,2013-03-03
Atkinson,Stanton,m,59,123,1964-01-13
Emery,Gale,m,71,169,1991-07-29
Benson,Sheldon,m,71,157,1961-03-11
Gilliam,Malik,m,62,108,1958-02-20
Cardenas,Luther,m,59,125,1968-01-20
Estrada,Riley,m,63,116,1979-08-28
Russell,Alene,f,59,114,1993-10-27
Denton,Mack,m,62,121,2013-11-11
Russo,Kraig,m,61,136,2006-01-27
Lawrence,Lula,f,72,143,1979-05-04
Barry,Sang,m,70,144,2000-10-13
Rowland,Eugenia,f,67,156,1964-05-27
Kaufman,Danny,m,61,118,1951-12-27
Patterson,Lara,f,69,162,1957-04-21
Sharp,Kathrine,f,62,130,1957-04-18
Bauer,Corina,f,60,136,1954-02-09
Duran,Rachel,f,63,139,1967-10-08
Delgado,Felipe,m,60,127,1952-02-05
Mora,Nina,f,68,155,1957-02-26
Vang,Alba,f,58,124,1966-08-27
Lutz,Jeremy,m,60,133,1987-12-22
Moss,Phil,m,66,144,1988-05-28
Peterson,Madge,f,69,170,2012-11-18
Garza,Adan,m,69,146,1952-06-07
Carrillo,Martin,m,64,137,1958-02-20
Branch,Theodore,m,63,146,1979-06-09
Calderon,Tiffani,f,70,141,1964-12-06
Blankenship,Maurice,m,65,125,1978-07-17
Schmidt,Latrice,f,65,149,1943-01-29
Sloan,Elma,f,69,162,1955-01-31
Long,Thomas,m,64,117,1972-02-11
Cruz,Keneth,m,71,147,1945-12-12
Smart,Polly,f,68,157,2001-10-14
Burgess,Rosemary,f,69,149,1940-01-30
Robles,Bennie,f,59,124,1985-07-09
Smith,Dale,f,69,143,1961-07-05
Anthony,Sondra,f,67,127,1979-03-07
Sykes,Lucile,f,63,132,1977-11-12
Vaughn,Kieth,m,62,131,1983-06-29
Tatum,Buster,m,68,155,2010-11-09
Shafer,Millie,f,65,128,2014-04-12
Melendez,Gladys,f,67,134,1945-01-22
Matthews,Weldon,m,62,135,1968-09-26
Newton,Joanna,f,66,130,1957-06-15
Hutchins,Kareem,m,58,104,1982-07-17
Flynn,Hilary,f,64,148,1995-06-19
Marquez,Jeannette,f,65,148,1971-03-14
Cortez,Marcos,m,69,132,2011-06-18
Kramer,Reynaldo,m,67,153,2014-12-01
Bush,Antone,m,71,153,2002-06-21
Hurst,Kathie,f,59,112,2006-09-18
Ruiz,Marcel,m,67,145,1963-12-03
Jensen,Shauna,f,58,106,2001-06-14
Dye,Elisabeth,f,61,110,1996-09-13
Welsh,Heidi,f,61,112,1956-09-25
Cotton,Guillermina,f,68,136,1984-01-10
Bruce,Bennett,m,62,143,1959-07-13
Jarvis,Coleman,m,67,123,1978-10-05
Colon,Gino,m,70,166,1974-12-21
Branch,Anderson,m,69,164,1992-07-06
Cain,Dixie,f,64,117,1976-04-21
Rivers,Rocio,f,62,126,1969-07-26
Burt,Annetta,f,64,137,1985-04-06
Nielsen,Oswaldo,m,72,178,2010-12-22
Fischer,Thelma,f,60,121,1980-12-07
David,Leann,f,71,140,1995-02-08
Chapman,Petra,f,71,172,1971-10-01
Durham,Wilda,f,69,160,2009-09-01
Pena,Wilbur,m,64,118,1986-06-30
Blanchard,Virgilio,m,61,122,1963-08-02
Tyson,Mickey,m,58,120,1994-06-08
Odell,Jody,f,62,141,1997-07-05
Castaneda,Lettie,f,60,137,1971-05-11
Reese,Rachelle,f,63,147,1946-06-08
Yarbrough,Clayton,m,58,115,1940-09-01
Martin,Frieda,f,72,148,1971-12-26
Glass,Lesley,f,59,129,1995-09-07
Ryan,Todd,m,59,127,1943-07-26
Carney,Lyman,m,65,122,2006-12-25
Santos,Everette,m,68,137,1995-05-17
Holloway,Gaston,m,67,124,1959-10-08
Clements,Zackary,m,64,120,2011-11-29
Jamison,Dominique,m,67,162,2010-09-20
Leach,Nilda,f,66,141,1987-12-01
Gamble,Collin,m,65,126,1976-03-24
Navarro,Bart,m,69,148,1942-08-28
Allison,Shelia,f,71,137,1991-08-06
Martinez,Tommie,f,58,106,1998-07-26
Knowles,Rosemary,f,69,149,2000-06-18
Dalton,Cassandra,f,72,168,1944-05-21
Myers,Marcy,f,70,148,1984-04-05
Hays,Connie,f,72,170,2005-04-22
Galloway,Leslie,m,62,117,1947-12-09
Estes,Deangelo,m,58,115,1949-08-05
Minor,Pete,m,61,139,2002-03-22
Farris,Chad,m,63,126,1984-05-03
Branch,Kerry,m,72,139,1950-02-26
Prince,Randell,m,60,114,1970-03-15
Orozco,Deana,f,60,107,2002-06-10
Goins,Dean,m,71,145,1959-05-28
Rivera,Rosemarie,f,63,127,1996-07-06
Swanson,Sandi,f,58,103,1984-12-02
Boone,Hoyt,m,60,131,1968-09-07
Meyers,Angelita,f,69,167,2013-05-30
Edwards,Kathrine,f,62,130,1981-01-09
Lehman,Bobbie,m,64,143,1959-03-02
Steward,Tamera,f,62,137,1971-09-03
Meeks,Melvin,m,59,110,1992-04-28
Rutledge,Elvin,m,69,157,1943-10-20
Arrington,Rolland,m,67,163,1962-04-15
Newman,Brigitte,f,64,140,1991-04-03
Everett,Maude,f,64,151,1974-08-24
Patel,Daisy,f,72,138,1999-05-26
Slater,Lona,f,69,131,1977-02-16
Whitney,Deborah,f,62,117,1966-09-13
Lindsay,Clare,f,62,120,1990-06-15
Connor,Roderick,m,58,129,1964-04-22
Hodges,Aaron,m,69,130,1973-12-11
Wiley,Allene,f,59,123,1961-06-12
Maloney,Alvina,f,63,113,1946-08-17
Haynes,Lupe,f,58,113,1972-10-23
Dyer,Horace,m,60,134,1992-12-23
Mcmillan,Avery,m,66,157,1969-11-26
Brown,Reba,f,58,114,1948-02-02
Hunt,Stuart,m,65,151,1959-01-23
Pagan,Arron,m,65,137,1990-04-09
Harris,Ellen,f,63,143,1946-12-25
Hill,Garth,m,59,104,1979-12-11
Olsen,Lynwood,m,71,142,1963-09-23
Atkinson,Bobbie,f,66,157,2006-05-14
Harding,Derrick,m,64,145,1951-07-07
Edwards,Elizabeth,f,62,130,1963-11-20
Sears,Sherman,m,68,162,2012-10-25
Fisher,Kieth,m,62,131,2001-05-28
Mcginnis,Carl,m,59,103,1960-04-04
Pearce,Doyle,m,59,114,1973-07-20
Lawrence,Damian,m,65,139,1943-03-08
Dudley,Pete,m,61,139,1996-05-14
Gamble,Jimmie,f,66,120,1993-02-19
Hodge,Thomas,m,64,117,1979-09-20
Valdez,Martin,m,64,137,1982-09-20
Scott,Jodi,f,58,106,1964-04-01
Hawkins,Armando,m,59,104,1977-09-10
Workman,Frances,f,72,159,1983-10-01
Gallagher,Abraham,m,67,138,2000-02-17
Gallagher,Irving,m,58,129,1944-06-16
Petersen,June,f,70,138,2000-10-29
Molina,Jacinto,m,71,160,2002-07-25
Whaley,Noble,m,70,161,1953-07-26
Hopper,Earlene,f,61,132,1971-08-26
Hamilton,Merry,f,65,131,1993-07-21
Davidson,Guillermo,m,68,150,1990-10-04
Morales,Hollis,m,58,124,1941-09-19
Gibson,Pattie,f,66,152,1950-02-28
Kane,Jimmie,f,66,120,1980-11-05
Herbert,Ronda,f,66,139,1971-11-21
Anderson,Theodora,f,63,129,1980-04-11
Melton,Luis,m,59,117,1979-04-04
Bean,Monte,m,69,137,2012-11-28
Ochoa,Maya,f,60,111,1952-09-15
Lewis,Jodie,f,69,132,1942-04-08
Kane,Angel,f,62,119,1944-12-11
Merritt,Maricela,f,59,126,1958-04-01
Wilkerson,Emilio,m,70,164,2004-01-29
Griffith,Francis,m,72,155,1981-05-29
Childers,Hazel,f,61,133,2013-08-14
Mccullough,Amy,f,71,139,1958-03-23
Hodges,Freddie,f,64,121,1993-09-12
Anthony,Carole,f,58,124,1980-12-01
Collier,Rosetta,f,58,115,1978-11-05
Nguyen,Nina,f,68,155,1941-10-23
Mann,Chang,m,58,131,1944-05-28
Leach,Napoleon,m,66,123,2001-10-16
Rivas,Kirk,m,61,138,1983-11-14
Romero,Hipolito,m,61,108,1986-10-13
Velasquez,Lana,f,70,150,1992-08-24
Mendez,Cheri,f,70,140,1986-10-07
Cannon,Clifton,m,69,155,1940-02-15
Todd,Burl,m,63,118,2012-05-17
Lester,Ted,m,58,113,1989-04-07
Estrada,Nikki,f,71,174,1967-09-25
Flores,Yong,m,69,169,2013-10-15
Decker,Alyce,f,59,119,1999-01-28
Perry,Korey,m,68,144,1954-06-15
Denton,Herman,m,68,136,1984-08-16
Rios,Lakesha,f,60,108,1973-01-16
Aguirre,Buford,m,69,167,1949-10-23
Bingham,Lily,f,64,120,1960-12-27
Eaton,Weldon,m,62,135,2003-02-18
English,Amber,f,71,161,1971-07-20
Moreno,James,m,69,145,1980-10-28
Ramsey,Quincy,m,61,140,1960-04-18
Bailey,Sonny,m,70,153,1944-10-05
Faulkner,Lionel,m,64,142,1947-07-04
Norton,Ashley,m,65,145,1995-08-16
Ross,Celia,f,61,120,1943-03-29
Mcmahon,Sung,m,61,110,1992-01-06
Sinclair,Mary,f,59,130,2008-11-22
Sears,Alfredo,m,58,119,2001-03-01
Cramer,Myrtle,f,64,122,1965-01-08
Mccann,Tracy,m,69,140,1998-07-31
Vance,Michale,m,69,143,1979-02-18
Hendrickson,Dirk,m,65,119,1985-03-12
Vazquez,Colette,f,59,124,1960-06-12
Dotson,Antoine,m,58,102,1997-11-12
Goins,Andrea,m,60,116,2013-10-14
Newton,Ronald,m,68,134,1982-12-20
Vaughan,Vivian,f,58,111,1971-01-28
Schultz,Rashad,m,67,151,1943-01-18
Cervantes,Cliff,m,62,143,2000-12-27
Long,Rose,f,67,132,2006-01-28
Vincent,Kurtis,m,70,138,2012-04-08
Samuels,Arline,f,66,141,2010-07-28
Ivey,Sheryl,f,62,114,2007-05-23
Gentry,Jordan,m,64,124,1998-11-15
Rogers,Joel,m,62,143,2001-06-15
Boucher,Heath,m,64,114,1949-03-18
Gibson,Lori,f,68,131,2012-05-10
Crabtree,Olivia,f,71,151,1974-06-09
Cramer,Elba,f,62,119,1974-01-09
Frank,Raquel,f,71,162,2012-11-30
Goodwin,Edythe,f,72,162,1990-06-21
Pierson,Stacey,m,63,138,2006-10-30
Garrison,Gavin,m,67,126,1971-09-17
Delarosa,Hilda,f,64,119,1997-09-29
Noel,Jena,f,65,140,1959-08-06
Bailey,Caitlin,f,61,109,1940-02-29
Glass,Deangelo,m,58,115,1998-11-25
Kim,Kip,m,62,117,1959-07-24
Hardin,Cristina,f,69,168,1946-02-27
Acevedo,Greg,m,67,140,1969-06-02
Cooke,Elsa,f,67,162,2003-02-27
Herbert,Tanisha,f,72,154,2012-09-29
Leblanc,Billy,m,61,137,1987-08-26
Pollard,Kelly,m,60,130,1994-09-08
Yang,Dina,f,60,119,1997-11-24
Allison,Suzette,f,67,139,1968-11-06
Carroll,Clement,m,72,138,1990-05-28
Estes,Marvin,m,70,165,1959-05-27
Mcclure,Mathew,m,71,175,1972-06-13
Hopper,Devon,m,63,128,1949-12-17
Lynch,Jennifer,f,65,117,1989-06-17
Brewer,Gino,m,70,166,1970-03-28
Salinas,Terri,f,60,119,1969-08-07
Black,Blanca,f,71,167,1992-03-07
Diaz,Young,m,71,172,1975-10-07
Duran,Max,m,60,115,1941-03-30
Short,Aurelia,f,69,153,1989-09-22
Chaney,Candida,f,64,133,1968-02-28
Mcclure,Colette,f,59,124,2000-05-26
Johnson,Young,f,62,125,1976-02-07
Neely,Shad,m,59,122,1960-06-23
Fox,Mary,m,61,116,1952-09-09
Simmons,Shelby,f,67,156,1958-02-15
Solis,Marcelino,m,69,163,1970-06-05
Klein,Parker,m,61,113,1971-12-27
Horne,Deanna,f,61,137,2012-09-25
Jordan,Lakesha,f,60,108,1989-08-17
Glenn,Mike,m,62,112,1994-12-14
Odom,Jimmy,m,65,148,1952-04-04
Cunningham,Ruth,f,61,138,1980-10-16
Hansen,Iris,f,71,169,1957-02-21
Crawford,Allison,f,72,144,1987-10-02
Lane,Brandi,f,58,116,1974-03-30
Stark,Jade,f,68,157,1977-05-28
Stout,Anna,f,58,118,1947-04-24
Watkins,Booker,m,63,126,1984-11-09
Ingram,Brandie,f,63,142,1968-03-01
Delarosa,Jefferson,m,68,162,1983-08-16
Wilkins,Marie,f,61,116,1975-05-25
Zimmerman,Ian,m,64,114,2008-02-01
Cantrell,Lionel,m,64,142,1981-09-11
Best,Jeanie,f,71,176,1956-04-04
Cline,Leonard,m,71,142,1966-12-07
Wagner,Chelsea,f,59,131,1942-02-27
Battle,Brian,m,65,152,1992-04-15
Whitney,Pamala,f,62,114,2014-06-22
Wade,William,m,71,176,1984-02-02
Starr,Gary,m,61,120,2005-08-31
Mccoy,Curt,m,67,145,1944-10-02
Mata,Cleo,m,67,160,1945-07-05
Cruz,Dannie,m,67,139,1971-01-24
Faulkner,Ladonna,f,67,136,1954-06-18
Beard,Frederic,m,63,114,1945-08-20
Griggs,Jodie,f,69,132,1942-03-13
Webber,Athena,f,61,134,1991-07-27
Valencia,Ken,m,65,122,1976-09-20
Cortez,Joaquin,m,63,128,1944-11-09
Hayden,Carmel,f,67,136,1951-05-09
Landry,Osvaldo,m,60,136,1956-02-09
Dejesus,Jacquline,f,66,125,1991-04-30
Decker,Delphine,f,72,172,1994-01-11
Matthews,Nanette,f,69,168,1946-11-05
Duncan,Lorena,f,66,144,1979-12-03
Wise,Tony,m,59,104,1989-05-28
White,Wm,m,69,137,1991-04-14
Gregory,Demarcus,m,69,142,1979-07-23
Wilkerson,Ophelia,f,65,128,1959-09-19
Kimball,Chet,m,62,116,1974-05-29
Britt,Tracie,f,69,145,2006-09-25
Butts,Annette,f,63,144,1944-05-24
Elder,Jacqueline,f,65,132,1941-11-03
Steele,Hans,m,59,133,2007-03-21
Miller,Malcom,m,70,146,1991-01-17
Benson,Lou,f,61,125,1951-07-16
Bowen,Korey,m,68,144,2008-11-25
Hill,Samantha,f,72,149,1963-04-25
Young,Warner,m,59,113,1993-11-23
Burks,Gisela,f,59,107,2010-04-08
Stein,Tamika,f,70,164,1956-06-16
Ortiz,Jonathan,m,58,125,1993-06-21
